Organism	SARS-CoV-2											
Outbreak	Coronahit routine											
pmid	doi://10.1101/2020.06.24.162156											
tree	https://raw.githubusercontent.com/globalmicrobialidentifier-WG3/datasets/master/datasets/trees/sars-cov-2-coronahit-routine.dnd											
source	Nabil-Fareed Alikhan											
dataType	resequencing consistency check											
												
biosample_acc	strain	genBankAssembly	nucleotide	SRArun_acc	outbreak	dataSetName	suggestedReference	sha256sumAssembly	sha256sumnucleotide	sha256sumRead1	sha256sumRead2	
ERS5446073	NORW-EB1DB_ARTIC_LoCost		ERZ1690869	ERR4969093	NORW-EB1DB	Coronahit routine	FALSE		e3b0c44298fc1c149afbf4c8996fb92427ae41e4649b934ca495991b7852b855	57d99677e6731b64854a2efb27387388b2c119556ec510730555ebd80062e267	57d99677e6731b64854a2efb27387388b2c119556ec510730555ebd80062e267	
ERS5446073	NORW-EB1DB_CoronaHiT-ONT		ERZ1690769	ERR4968987	NORW-EB1DB	Coronahit routine	FALSE		e3b0c44298fc1c149afbf4c8996fb92427ae41e4649b934ca495991b7852b855	0222e8bbd0da26b425dcd44e80b9a7497be0386d3f556aa863d7a39fb7410f1c	0222e8bbd0da26b425dcd44e80b9a7497be0386d3f556aa863d7a39fb7410f1c	
ERS5446073	NORW-EB1DB_CoronaHiT-Illumina		ERZ1690720	ERR4969170	NORW-EB1DB	Coronahit routine	FALSE		e3b0c44298fc1c149afbf4c8996fb92427ae41e4649b934ca495991b7852b855	8ee0d0ffd80d2aee33790b36b71b055afbd520cee5f4fd5105d9e3a060b478bd	8ee0d0ffd80d2aee33790b36b71b055afbd520cee5f4fd5105d9e3a060b478bd	
ERS5446110	NORW-EB232_ARTIC_LoCost		ERZ1690836	ERR4969060	NORW-EB232	Coronahit routine	FALSE		e3b0c44298fc1c149afbf4c8996fb92427ae41e4649b934ca495991b7852b855	a10778b0792dc07e05cdcd047d827c528a3681638e9eec22dfe0961a5dd0a50a	a10778b0792dc07e05cdcd047d827c528a3681638e9eec22dfe0961a5dd0a50a	
ERS5446110	NORW-EB232_CoronaHiT-ONT		ERZ1690780	ERR4968998	NORW-EB232	Coronahit routine	FALSE		e3b0c44298fc1c149afbf4c8996fb92427ae41e4649b934ca495991b7852b855	4f904759d35a0fc1d80d5b07aeb54c419da1ef5b0d5f6fa38aaa91ab9e0bab79	4f904759d35a0fc1d80d5b07aeb54c419da1ef5b0d5f6fa38aaa91ab9e0bab79	
ERS5446110	NORW-EB232_CoronaHiT-Illumina		ERZ1691229	ERR4970123	NORW-EB232	Coronahit routine	FALSE		e3b0c44298fc1c149afbf4c8996fb92427ae41e4649b934ca495991b7852b855	3325020ba9eb0095ee1bb340a0aede52bb22c700637698a20eb451bf4b861403	3325020ba9eb0095ee1bb340a0aede52bb22c700637698a20eb451bf4b861403	
ERS5446094	NORW-EB26F_ARTIC_LoCost		ERZ1690844	ERR4969068	NORW-EB26F	Coronahit routine	FALSE		e3b0c44298fc1c149afbf4c8996fb92427ae41e4649b934ca495991b7852b855	aff307d31c560c834c92e21039460bd4b623683bb39ad71512e9051ef000d799	aff307d31c560c834c92e21039460bd4b623683bb39ad71512e9051ef000d799	
ERS5446094	NORW-EB26F_CoronaHiT-ONT		ERZ1690752	ERR4968970	NORW-EB26F	Coronahit routine	FALSE		e3b0c44298fc1c149afbf4c8996fb92427ae41e4649b934ca495991b7852b855	585eed6760d054a4fb757c837de0ba8374cbbfb828f366b2b11dd8d1f3ebd8d6	585eed6760d054a4fb757c837de0ba8374cbbfb828f366b2b11dd8d1f3ebd8d6	
ERS5446094	NORW-EB26F_CoronaHiT-Illumina		ERZ1691208	ERR4970102	NORW-EB26F	Coronahit routine	FALSE		e3b0c44298fc1c149afbf4c8996fb92427ae41e4649b934ca495991b7852b855	60c43b388a9a663b9d7a889b8d999dd9288d20f28aa062478e6cc845993491cd	60c43b388a9a663b9d7a889b8d999dd9288d20f28aa062478e6cc845993491cd	
ERS5446122	NORW-EB28D_ARTIC_LoCost		ERZ1690855	ERR4969079	NORW-EB28D	Coronahit routine	FALSE		e3b0c44298fc1c149afbf4c8996fb92427ae41e4649b934ca495991b7852b855	610003ce0318c1c2ac2a5d030d7e2398816df825d139bc4fe8d4afa73f26a473	610003ce0318c1c2ac2a5d030d7e2398816df825d139bc4fe8d4afa73f26a473	
ERS5446122	NORW-EB28D_CoronaHiT-ONT		ERZ1690788	ERR4969006	NORW-EB28D	Coronahit routine	FALSE		e3b0c44298fc1c149afbf4c8996fb92427ae41e4649b934ca495991b7852b855	b0532cbc05d797f395c5613dc51a6c28c535cf261e88cd620463a644a76b723a	b0532cbc05d797f395c5613dc51a6c28c535cf261e88cd620463a644a76b723a	
ERS5446122	NORW-EB28D_CoronaHiT-Illumina		ERZ1691230	ERR4970124	NORW-EB28D	Coronahit routine	FALSE		e3b0c44298fc1c149afbf4c8996fb92427ae41e4649b934ca495991b7852b855	ac7d624b1b6399f368e89943e1067463fdfa8a08c8916dff6450d7e3bbbd4546	ac7d624b1b6399f368e89943e1067463fdfa8a08c8916dff6450d7e3bbbd4546	
ERS5446096	NORW-EB29C_ARTIC_LoCost		ERZ1690895	ERR4969119	NORW-EB29C	Coronahit routine	FALSE		e3b0c44298fc1c149afbf4c8996fb92427ae41e4649b934ca495991b7852b855	38cc4aa8d8fd09e57025fb4fa2208c3c1e6bf480cc19a8e12918f5456d5c2c7c	38cc4aa8d8fd09e57025fb4fa2208c3c1e6bf480cc19a8e12918f5456d5c2c7c	
ERS5446096	NORW-EB29C_CoronaHiT-ONT		ERZ1690812	ERR4969030	NORW-EB29C	Coronahit routine	FALSE		e3b0c44298fc1c149afbf4c8996fb92427ae41e4649b934ca495991b7852b855	96475df6d24cc47bb32694858ee38e21a966c5277371ead00415ce9fc84e38b7	96475df6d24cc47bb32694858ee38e21a966c5277371ead00415ce9fc84e38b7	
ERS5446096	NORW-EB29C_CoronaHiT-Illumina		ERZ1691219	ERR4970113	NORW-EB29C	Coronahit routine	FALSE		e3b0c44298fc1c149afbf4c8996fb92427ae41e4649b934ca495991b7852b855	ac24b01787d456af57771800d30f8b0c27296ffde858b7ae8152add242d9369d	ac24b01787d456af57771800d30f8b0c27296ffde858b7ae8152add242d9369d	
ERS5446097	NORW-EB2AB_ARTIC_LoCost		ERZ1690900	ERR4969124	NORW-EB2AB	Coronahit routine	FALSE		e3b0c44298fc1c149afbf4c8996fb92427ae41e4649b934ca495991b7852b855	cecb32ffcdc987d608c6138ec62a8a85dc668611b14c41eed5afaa69142d4bfd	cecb32ffcdc987d608c6138ec62a8a85dc668611b14c41eed5afaa69142d4bfd	
ERS5446097	NORW-EB2AB_CoronaHiT-ONT		ERZ1690813	ERR4969031	NORW-EB2AB	Coronahit routine	FALSE		e3b0c44298fc1c149afbf4c8996fb92427ae41e4649b934ca495991b7852b855	ef72f144ad0ce4bde6f03ffb2e766c9802411b7bac37fef3989c0ab696942fa0	ef72f144ad0ce4bde6f03ffb2e766c9802411b7bac37fef3989c0ab696942fa0	
ERS5446097	NORW-EB2AB_CoronaHiT-Illumina		ERZ1691205	ERR4970099	NORW-EB2AB	Coronahit routine	FALSE		e3b0c44298fc1c149afbf4c8996fb92427ae41e4649b934ca495991b7852b855	519a598a432d98e96e2c9aead1e5b11f1eaa3af49ed17097d80d680eef4784e0	519a598a432d98e96e2c9aead1e5b11f1eaa3af49ed17097d80d680eef4784e0	
ERS5446081	NORW-EB2F6_ARTIC_LoCost		ERZ1690899	ERR4969123	NORW-EB2F6	Coronahit routine	FALSE		e3b0c44298fc1c149afbf4c8996fb92427ae41e4649b934ca495991b7852b855	943c2c4544e36318f257ef80e8c27690199f5c7f86ba83733958e75114360a66	943c2c4544e36318f257ef80e8c27690199f5c7f86ba83733958e75114360a66	
ERS5446081	NORW-EB2F6_CoronaHiT-ONT		ERZ1690773	ERR4968991	NORW-EB2F6	Coronahit routine	FALSE		e3b0c44298fc1c149afbf4c8996fb92427ae41e4649b934ca495991b7852b855	be9d3d8527195d8909e5c1a94457258b1608fc757b9096ba5ef07e5f48cedad4	be9d3d8527195d8909e5c1a94457258b1608fc757b9096ba5ef07e5f48cedad4	
ERS5446081	NORW-EB2F6_CoronaHiT-Illumina		ERZ1691209	ERR4970103	NORW-EB2F6	Coronahit routine	FALSE		e3b0c44298fc1c149afbf4c8996fb92427ae41e4649b934ca495991b7852b855	61c6185b6039950462565a8139eb4dabb0c96e855bd97a2cd38d53a4834593b4	61c6185b6039950462565a8139eb4dabb0c96e855bd97a2cd38d53a4834593b4	
ERS5446054	NORW-EB311_ARTIC_LoCost		ERZ1690853	ERR4969077	NORW-EB311	Coronahit routine	FALSE		e3b0c44298fc1c149afbf4c8996fb92427ae41e4649b934ca495991b7852b855	a8a7119c47b302d6870131cfde9adb8e2e27328a2fb081e9aa1eba1ac950c308	a8a7119c47b302d6870131cfde9adb8e2e27328a2fb081e9aa1eba1ac950c308	
ERS5446054	NORW-EB311_CoronaHiT-ONT		ERZ1690746	ERR4968960	NORW-EB311	Coronahit routine	FALSE		e3b0c44298fc1c149afbf4c8996fb92427ae41e4649b934ca495991b7852b855	a631f7379b7d8c4e018ed83a71f7b635d8255637b7c9750604ce1ea241cdd1c2	a631f7379b7d8c4e018ed83a71f7b635d8255637b7c9750604ce1ea241cdd1c2	
ERS5446054	NORW-EB311_CoronaHiT-Illumina		ERZ1691190	ERR4970084	NORW-EB311	Coronahit routine	FALSE		e3b0c44298fc1c149afbf4c8996fb92427ae41e4649b934ca495991b7852b855	8177051326624caeb998c38590c203b4cfd7e820c6e07e4a3709c758600976e7	8177051326624caeb998c38590c203b4cfd7e820c6e07e4a3709c758600976e7	
ERS5446100	NORW-EB320_ARTIC_LoCost		ERZ1690850	ERR4969074	NORW-EB320	Coronahit routine	FALSE		e3b0c44298fc1c149afbf4c8996fb92427ae41e4649b934ca495991b7852b855	c155df6cf1d1f360b647cc25838ef96cb9b8d397708587e8afc4b1bac22ca915	c155df6cf1d1f360b647cc25838ef96cb9b8d397708587e8afc4b1bac22ca915	
ERS5446100	NORW-EB320_CoronaHiT-ONT		ERZ1690756	ERR4968974	NORW-EB320	Coronahit routine	FALSE		e3b0c44298fc1c149afbf4c8996fb92427ae41e4649b934ca495991b7852b855	8bc39745ca872632a686f8f7b44ccb2bb0f42b681ee095c22dae9780841a710c	8bc39745ca872632a686f8f7b44ccb2bb0f42b681ee095c22dae9780841a710c	
ERS5446100	NORW-EB320_CoronaHiT-Illumina		ERZ1691216	ERR4970110	NORW-EB320	Coronahit routine	FALSE		e3b0c44298fc1c149afbf4c8996fb92427ae41e4649b934ca495991b7852b855	9b87a48d90cdf19e86817c4fc0f8b627160d8d997cb97d0e9721ddb510d1a013	9b87a48d90cdf19e86817c4fc0f8b627160d8d997cb97d0e9721ddb510d1a013	
ERS5446112	NORW-EB33F_ARTIC_LoCost		ERZ1690882	ERR4969106	NORW-EB33F	Coronahit routine	FALSE		e3b0c44298fc1c149afbf4c8996fb92427ae41e4649b934ca495991b7852b855	371314035d0397def364f7c6d068a777a248f21af57ea9ac1f2da49421b960f0	371314035d0397def364f7c6d068a777a248f21af57ea9ac1f2da49421b960f0	
ERS5446112	NORW-EB33F_CoronaHiT-ONT		ERZ1690765	ERR4968983	NORW-EB33F	Coronahit routine	FALSE		e3b0c44298fc1c149afbf4c8996fb92427ae41e4649b934ca495991b7852b855	2cc904350b40df2678f00b75980e2239876a0e5355ad9a352182e0f5c9739229	2cc904350b40df2678f00b75980e2239876a0e5355ad9a352182e0f5c9739229	
ERS5446112	NORW-EB33F_CoronaHiT-Illumina		ERZ1691215	ERR4970109	NORW-EB33F	Coronahit routine	FALSE		e3b0c44298fc1c149afbf4c8996fb92427ae41e4649b934ca495991b7852b855	99ed803fd230f4fa80508b013fcf21b7715c24387c0f0f697f77f5217b56d680	99ed803fd230f4fa80508b013fcf21b7715c24387c0f0f697f77f5217b56d680	
ERS5446101	NORW-EB34E_ARTIC_LoCost		ERZ1690849	ERR4969073	NORW-EB34E	Coronahit routine	FALSE		e3b0c44298fc1c149afbf4c8996fb92427ae41e4649b934ca495991b7852b855	64531785247b71078008fbaa3874140e7d458ccbfcffb395c1b6118f6725edad	64531785247b71078008fbaa3874140e7d458ccbfcffb395c1b6118f6725edad	
ERS5446101	NORW-EB34E_CoronaHiT-ONT		ERZ1690797	ERR4969015	NORW-EB34E	Coronahit routine	FALSE		e3b0c44298fc1c149afbf4c8996fb92427ae41e4649b934ca495991b7852b855	12bdc9c6943085f2c48d65aea08ca85d1377d1f7adbddd5e94f79520c5f46921	12bdc9c6943085f2c48d65aea08ca85d1377d1f7adbddd5e94f79520c5f46921	
ERS5446101	NORW-EB34E_CoronaHiT-Illumina		ERZ1691223	ERR4970117	NORW-EB34E	Coronahit routine	FALSE		e3b0c44298fc1c149afbf4c8996fb92427ae41e4649b934ca495991b7852b855	dfeb9f89af26916be8a12d053c3001e7bee4034ad3b266e96694ee2cd356383c	dfeb9f89af26916be8a12d053c3001e7bee4034ad3b266e96694ee2cd356383c	
ERS5446098	NORW-EB36C_ARTIC_LoCost		ERZ1690875	ERR4969099	NORW-EB36C	Coronahit routine	FALSE		e3b0c44298fc1c149afbf4c8996fb92427ae41e4649b934ca495991b7852b855	6b78d3b5d24dbaeee098db6db51d226a1ee95788c29bbb4a1ba04a116afa4976	6b78d3b5d24dbaeee098db6db51d226a1ee95788c29bbb4a1ba04a116afa4976	
ERS5446098	NORW-EB36C_CoronaHiT-ONT		ERZ1690763	ERR4968981	NORW-EB36C	Coronahit routine	FALSE		e3b0c44298fc1c149afbf4c8996fb92427ae41e4649b934ca495991b7852b855	a279036a853a5477fecfc9251d35a4963ae68cfedde40edbd5754c269766e157	a279036a853a5477fecfc9251d35a4963ae68cfedde40edbd5754c269766e157	
ERS5446098	NORW-EB36C_CoronaHiT-Illumina		ERZ1691207	ERR4970101	NORW-EB36C	Coronahit routine	FALSE		e3b0c44298fc1c149afbf4c8996fb92427ae41e4649b934ca495991b7852b855	36877543c2fd3555a991e0c8ebdde1b0f6c1f11c586361a147990a4259b1b90e	36877543c2fd3555a991e0c8ebdde1b0f6c1f11c586361a147990a4259b1b90e	
ERS5446121	NORW-EB37B_ARTIC_LoCost		ERZ1690874	ERR4969098	NORW-EB37B	Coronahit routine	FALSE		e3b0c44298fc1c149afbf4c8996fb92427ae41e4649b934ca495991b7852b855	b4a3206aa85f71368125072b58d5e5108531808663e21bcde899426b06e10ee8	b4a3206aa85f71368125072b58d5e5108531808663e21bcde899426b06e10ee8	
ERS5446121	NORW-EB37B_CoronaHiT-ONT		ERZ1690786	ERR4969004	NORW-EB37B	Coronahit routine	FALSE		e3b0c44298fc1c149afbf4c8996fb92427ae41e4649b934ca495991b7852b855	4a69636899660c5c21b2dcf923b164226cf33ce90fb653533fa5730b056263a8	4a69636899660c5c21b2dcf923b164226cf33ce90fb653533fa5730b056263a8	
ERS5446121	NORW-EB37B_CoronaHiT-Illumina		ERZ1691231	ERR4970125	NORW-EB37B	Coronahit routine	FALSE		e3b0c44298fc1c149afbf4c8996fb92427ae41e4649b934ca495991b7852b855	f4b448b042b43aa8c2acc488135ae7f6d33b79b6c2af7122bb7e34de7ff3a756	f4b448b042b43aa8c2acc488135ae7f6d33b79b6c2af7122bb7e34de7ff3a756	
ERS5446125	NORW-EB3D5_ARTIC_LoCost		ERZ1690898	ERR4969122	NORW-EB3D5	Coronahit routine	FALSE		e3b0c44298fc1c149afbf4c8996fb92427ae41e4649b934ca495991b7852b855	83c3962a3b31039fa5cdec709615d11bbc9af128fb1e1e71110997a1e35304c8	83c3962a3b31039fa5cdec709615d11bbc9af128fb1e1e71110997a1e35304c8	
ERS5446125	NORW-EB3D5_CoronaHiT-ONT		ERZ1690743	ERR4968957	NORW-EB3D5	Coronahit routine	FALSE		e3b0c44298fc1c149afbf4c8996fb92427ae41e4649b934ca495991b7852b855	7d83a7fa0ec28eaeae91178ef1f8b54fec9657ebf8cbe418bc18deb85c5832d1	7d83a7fa0ec28eaeae91178ef1f8b54fec9657ebf8cbe418bc18deb85c5832d1	
ERS5446125	NORW-EB3D5_CoronaHiT-Illumina		ERZ1691233	ERR4970127	NORW-EB3D5	Coronahit routine	FALSE		e3b0c44298fc1c149afbf4c8996fb92427ae41e4649b934ca495991b7852b855	1c4ed9c919cb83a5666336071af2fa2a5eef261631a16f8731ebcc59071a045a	1c4ed9c919cb83a5666336071af2fa2a5eef261631a16f8731ebcc59071a045a	
ERS5446086	NORW-EB43C_ARTIC_LoCost		ERZ1690839	ERR4969063	NORW-EB43C	Coronahit routine	FALSE		e3b0c44298fc1c149afbf4c8996fb92427ae41e4649b934ca495991b7852b855	ab8f5510cef0cc309e33a91fc599768f8916cb372df12751e1e86f32ad4ca3fc	ab8f5510cef0cc309e33a91fc599768f8916cb372df12751e1e86f32ad4ca3fc	
ERS5446086	NORW-EB43C_CoronaHiT-ONT		ERZ1690793	ERR4969011	NORW-EB43C	Coronahit routine	FALSE		e3b0c44298fc1c149afbf4c8996fb92427ae41e4649b934ca495991b7852b855	9470eab3fd20bb68619e6f5a16aa40b2dd40d8d73460bbb7fc31ac14b1ea1f65	9470eab3fd20bb68619e6f5a16aa40b2dd40d8d73460bbb7fc31ac14b1ea1f65	
ERS5446086	NORW-EB43C_CoronaHiT-Illumina		ERZ1691218	ERR4970112	NORW-EB43C	Coronahit routine	FALSE		e3b0c44298fc1c149afbf4c8996fb92427ae41e4649b934ca495991b7852b855	e942b191e833d7ced8ff133ec1305bfacb673bcbd3d7b21ea6d6bf0687ac3acd	e942b191e833d7ced8ff133ec1305bfacb673bcbd3d7b21ea6d6bf0687ac3acd	
ERS5446076	NORW-EBEC5_ARTIC_LoCost		ERZ1690838	ERR4969062	NORW-EBEC5	Coronahit routine	FALSE		e3b0c44298fc1c149afbf4c8996fb92427ae41e4649b934ca495991b7852b855	72daa56d51d58a210eddeac0864ad6004432013bf24d358fd4a9cd85ad88ed63	72daa56d51d58a210eddeac0864ad6004432013bf24d358fd4a9cd85ad88ed63	
ERS5446076	NORW-EBEC5_CoronaHiT-ONT		ERZ1690741	ERR4968955	NORW-EBEC5	Coronahit routine	FALSE		e3b0c44298fc1c149afbf4c8996fb92427ae41e4649b934ca495991b7852b855	362bb9c7c7c2c6a3e5da86babe090aa539c4019fc888fe6dbe0dfabc58db9568	362bb9c7c7c2c6a3e5da86babe090aa539c4019fc888fe6dbe0dfabc58db9568	
ERS5446076	NORW-EBEC5_CoronaHiT-Illumina		ERZ1691192	ERR4970086	NORW-EBEC5	Coronahit routine	FALSE		e3b0c44298fc1c149afbf4c8996fb92427ae41e4649b934ca495991b7852b855	1470656da97ff89921b5c38dd8eeae230926a6c17795eb7c36deecb334141752	1470656da97ff89921b5c38dd8eeae230926a6c17795eb7c36deecb334141752	
ERS5446089	NORW-EC35C_ARTIC_LoCost		ERZ1690854	ERR4969078	NORW-EC35C	Coronahit routine	FALSE		e3b0c44298fc1c149afbf4c8996fb92427ae41e4649b934ca495991b7852b855	bbcd70591ae5a5efbde08e8617cdfdbd5e8fbeadac004aa06bc045336af2e604	bbcd70591ae5a5efbde08e8617cdfdbd5e8fbeadac004aa06bc045336af2e604	
ERS5446089	NORW-EC35C_CoronaHiT-ONT		ERZ1690749	ERR4968967	NORW-EC35C	Coronahit routine	FALSE		e3b0c44298fc1c149afbf4c8996fb92427ae41e4649b934ca495991b7852b855	c0fa341011da99507d5265777135f208df5a4cd29685e416d4e905e2ba4c851b	c0fa341011da99507d5265777135f208df5a4cd29685e416d4e905e2ba4c851b	
ERS5446089	NORW-EC35C_CoronaHiT-Illumina		ERZ1691204	ERR4970098	NORW-EC35C	Coronahit routine	FALSE		e3b0c44298fc1c149afbf4c8996fb92427ae41e4649b934ca495991b7852b855	baf2eb6b5e28dc5eb56a105ae719c934a289e3ddb3170d187bf8570fc08e2c52	baf2eb6b5e28dc5eb56a105ae719c934a289e3ddb3170d187bf8570fc08e2c52	
ERS5446068	NORW-EC389_ARTIC_LoCost		ERZ1690906	ERR4969130	NORW-EC389	Coronahit routine	FALSE		e3b0c44298fc1c149afbf4c8996fb92427ae41e4649b934ca495991b7852b855	8bf637a4c52c1669716dd84d8fc22c14935ac1dd1b721a74a57af0b3a820ce8e	8bf637a4c52c1669716dd84d8fc22c14935ac1dd1b721a74a57af0b3a820ce8e	
ERS5446068	NORW-EC389_CoronaHiT-ONT		ERZ1690796	ERR4969014	NORW-EC389	Coronahit routine	FALSE		e3b0c44298fc1c149afbf4c8996fb92427ae41e4649b934ca495991b7852b855	6f5061b2bec69cc1db04c6476bd4ed3cbf8d2ab282b88e290b6973859abbf04a	6f5061b2bec69cc1db04c6476bd4ed3cbf8d2ab282b88e290b6973859abbf04a	
ERS5446068	NORW-EC389_CoronaHiT-Illumina		ERZ1691186	ERR4970080	NORW-EC389	Coronahit routine	FALSE		e3b0c44298fc1c149afbf4c8996fb92427ae41e4649b934ca495991b7852b855	d8d6d1c051f1feabe3898feaaa86c8fc9dd880ec8cc9fa2b4e902f51d80b20c3	d8d6d1c051f1feabe3898feaaa86c8fc9dd880ec8cc9fa2b4e902f51d80b20c3	
ERS5446065	NORW-EC3E3_ARTIC_LoCost		ERZ1690884	ERR4969108	NORW-EC3E3	Coronahit routine	FALSE		e3b0c44298fc1c149afbf4c8996fb92427ae41e4649b934ca495991b7852b855	bbfe186f87bdda471b30ee74eb8f9e1917080226c4971a607776c6d55710bc53	bbfe186f87bdda471b30ee74eb8f9e1917080226c4971a607776c6d55710bc53	
ERS5446065	NORW-EC3E3_CoronaHiT-ONT		ERZ1690775	ERR4968993	NORW-EC3E3	Coronahit routine	FALSE		e3b0c44298fc1c149afbf4c8996fb92427ae41e4649b934ca495991b7852b855	4d56c1962425a92f87dd2b8945d0cf8004c08ee80b1064d72b1c7e236ee3405a	4d56c1962425a92f87dd2b8945d0cf8004c08ee80b1064d72b1c7e236ee3405a	
ERS5446065	NORW-EC3E3_CoronaHiT-Illumina		ERZ1691195	ERR4970089	NORW-EC3E3	Coronahit routine	FALSE		e3b0c44298fc1c149afbf4c8996fb92427ae41e4649b934ca495991b7852b855	b781aa58ee3263eb637f53fe545afd8b700541eb5e2c0e9fa643e3aaf432b354	b781aa58ee3263eb637f53fe545afd8b700541eb5e2c0e9fa643e3aaf432b354	
ERS5446066	NORW-EC40E_ARTIC_LoCost		ERZ1690889	ERR4969113	NORW-EC40E	Coronahit routine	FALSE		e3b0c44298fc1c149afbf4c8996fb92427ae41e4649b934ca495991b7852b855	468b7297c9304e112291c2304495a5b9de33ab012f75eac3e30ab63de8fb3ccd	468b7297c9304e112291c2304495a5b9de33ab012f75eac3e30ab63de8fb3ccd	
ERS5446066	NORW-EC40E_CoronaHiT-ONT		ERZ1690810	ERR4969028	NORW-EC40E	Coronahit routine	FALSE		e3b0c44298fc1c149afbf4c8996fb92427ae41e4649b934ca495991b7852b855	40674172c81d3f925a1b882deb08122ed8e8daf8ff652a734868c8fe2a3e1da4	40674172c81d3f925a1b882deb08122ed8e8daf8ff652a734868c8fe2a3e1da4	
ERS5446066	NORW-EC40E_CoronaHiT-Illumina		ERZ1691187	ERR4970081	NORW-EC40E	Coronahit routine	FALSE		e3b0c44298fc1c149afbf4c8996fb92427ae41e4649b934ca495991b7852b855	8b7ae08e179fad3c693caab8da97e4f0bd3f5da302301b9993864dd016015ad3	8b7ae08e179fad3c693caab8da97e4f0bd3f5da302301b9993864dd016015ad3	
ERS5446070	NORW-EC41D_ARTIC_LoCost		ERZ1690867	ERR4969091	NORW-EC41D	Coronahit routine	FALSE		e3b0c44298fc1c149afbf4c8996fb92427ae41e4649b934ca495991b7852b855	ae4b6b9bb04cc2715604e08d6fbd7e1706544b2b9f2cd8ac5e92abc69067ee8b	ae4b6b9bb04cc2715604e08d6fbd7e1706544b2b9f2cd8ac5e92abc69067ee8b	
ERS5446070	NORW-EC41D_CoronaHiT-ONT		ERZ1690789	ERR4969007	NORW-EC41D	Coronahit routine	FALSE		e3b0c44298fc1c149afbf4c8996fb92427ae41e4649b934ca495991b7852b855	699997cca0e2e64393529180e51e563e43044d880d08fd7aff55122351ef9e65	699997cca0e2e64393529180e51e563e43044d880d08fd7aff55122351ef9e65	
ERS5446070	NORW-EC41D_CoronaHiT-Illumina		ERZ1691185	ERR4970079	NORW-EC41D	Coronahit routine	FALSE		e3b0c44298fc1c149afbf4c8996fb92427ae41e4649b934ca495991b7852b855	6b211799959a395bf0bc89655108b09779179dbac88f151ff7cc9a31d9e99023	6b211799959a395bf0bc89655108b09779179dbac88f151ff7cc9a31d9e99023	
ERS5446077	NORW-EC42C_ARTIC_LoCost		ERZ1690840	ERR4969064	NORW-EC42C	Coronahit routine	FALSE		e3b0c44298fc1c149afbf4c8996fb92427ae41e4649b934ca495991b7852b855	a14efc71db599019dcebbaa1566ad932dbfdfdbb9b74ff42672a611b2de12cae	a14efc71db599019dcebbaa1566ad932dbfdfdbb9b74ff42672a611b2de12cae	
ERS5446077	NORW-EC42C_CoronaHiT-ONT		ERZ1690758	ERR4968976	NORW-EC42C	Coronahit routine	FALSE		e3b0c44298fc1c149afbf4c8996fb92427ae41e4649b934ca495991b7852b855	316aeba0d67c82afa2213ad5629d9c1b52f7186c38930652c8d453abf0b38737	316aeba0d67c82afa2213ad5629d9c1b52f7186c38930652c8d453abf0b38737	
ERS5446077	NORW-EC42C_CoronaHiT-Illumina		ERZ1691188	ERR4970082	NORW-EC42C	Coronahit routine	FALSE		e3b0c44298fc1c149afbf4c8996fb92427ae41e4649b934ca495991b7852b855	a64e8904ce1c4c0ea9b7da46efcb5e29cac2adbaba2c4854585f65cec71fd920	a64e8904ce1c4c0ea9b7da46efcb5e29cac2adbaba2c4854585f65cec71fd920	
ERS5446074	NORW-EC44A_ARTIC_LoCost		ERZ1690881	ERR4969105	NORW-EC44A	Coronahit routine	FALSE		e3b0c44298fc1c149afbf4c8996fb92427ae41e4649b934ca495991b7852b855	9e0660f716b15d438013e0f5c57026d80ac19b9ab0b3423251750e13fe91dd62	9e0660f716b15d438013e0f5c57026d80ac19b9ab0b3423251750e13fe91dd62	
ERS5446074	NORW-EC44A_CoronaHiT-ONT		ERZ1690800	ERR4969018	NORW-EC44A	Coronahit routine	FALSE		e3b0c44298fc1c149afbf4c8996fb92427ae41e4649b934ca495991b7852b855	a4ef2ab4946622b85cc6095ecfe8a6588b84975049be554d3f4635c932619140	a4ef2ab4946622b85cc6095ecfe8a6588b84975049be554d3f4635c932619140	
ERS5446074	NORW-EC44A_CoronaHiT-Illumina		ERZ1691191	ERR4970085	NORW-EC44A	Coronahit routine	FALSE		e3b0c44298fc1c149afbf4c8996fb92427ae41e4649b934ca495991b7852b855	706cb8ccd9ee065ec76b4fe8a9f5c16fea463967900055ed5af2700a4ca299ed	706cb8ccd9ee065ec76b4fe8a9f5c16fea463967900055ed5af2700a4ca299ed	
ERS5446060	NORW-EC4A4_ARTIC_LoCost		ERZ1690897	ERR4969121	NORW-EC4A4	Coronahit routine	FALSE		e3b0c44298fc1c149afbf4c8996fb92427ae41e4649b934ca495991b7852b855	681ce5029d4538b7f488d2000adaec120cc735549da0215d14fe0d68cf0f1743	681ce5029d4538b7f488d2000adaec120cc735549da0215d14fe0d68cf0f1743	
ERS5446060	NORW-EC4A4_CoronaHiT-ONT		ERZ1690795	ERR4969013	NORW-EC4A4	Coronahit routine	FALSE		e3b0c44298fc1c149afbf4c8996fb92427ae41e4649b934ca495991b7852b855	b3ce39a917f6de6ca981e574f331d1d123b0adc5ce61a94f4c944c4e656edb69	b3ce39a917f6de6ca981e574f331d1d123b0adc5ce61a94f4c944c4e656edb69	
ERS5446060	NORW-EC4A4_CoronaHiT-Illumina		ERZ1691173	ERR4970067	NORW-EC4A4	Coronahit routine	FALSE		e3b0c44298fc1c149afbf4c8996fb92427ae41e4649b934ca495991b7852b855	760d9cd6b000afb7dfaea4b9250cc7abcfc85c109c92ab62bc848bbdffb00571	760d9cd6b000afb7dfaea4b9250cc7abcfc85c109c92ab62bc848bbdffb00571	
ERS5446084	NORW-EC4C2_ARTIC_LoCost		ERZ1690907	ERR4969131	NORW-EC4C2	Coronahit routine	FALSE		e3b0c44298fc1c149afbf4c8996fb92427ae41e4649b934ca495991b7852b855	62f359b26e6cfe7d4e0cea38d36ebe486a99dfddcd48cebf794d3c235bbbfd99	62f359b26e6cfe7d4e0cea38d36ebe486a99dfddcd48cebf794d3c235bbbfd99	
ERS5446084	NORW-EC4C2_CoronaHiT-ONT		ERZ1690798	ERR4969016	NORW-EC4C2	Coronahit routine	FALSE		e3b0c44298fc1c149afbf4c8996fb92427ae41e4649b934ca495991b7852b855	cb4e003c62e757cfddbe6efde9590f991741dce0d7eab3e46a1717c1da428dfb	cb4e003c62e757cfddbe6efde9590f991741dce0d7eab3e46a1717c1da428dfb	
ERS5446084	NORW-EC4C2_CoronaHiT-Illumina		ERZ1691199	ERR4970093	NORW-EC4C2	Coronahit routine	FALSE		e3b0c44298fc1c149afbf4c8996fb92427ae41e4649b934ca495991b7852b855	b99c0462832ea7719be09a3935c16f256f079db73ef95bec3325fbc7de83debf	b99c0462832ea7719be09a3935c16f256f079db73ef95bec3325fbc7de83debf	
ERS5446123	NORW-EC4D1_ARTIC_LoCost		ERZ1690901	ERR4969125	NORW-EC4D1	Coronahit routine	FALSE		e3b0c44298fc1c149afbf4c8996fb92427ae41e4649b934ca495991b7852b855	7a42a1614b8dd26d328184e655beb4a729bbba71b5cb106b76ce7e37ed00eb80	7a42a1614b8dd26d328184e655beb4a729bbba71b5cb106b76ce7e37ed00eb80	
ERS5446123	NORW-EC4D1_CoronaHiT-ONT		ERZ1690805	ERR4969023	NORW-EC4D1	Coronahit routine	FALSE		e3b0c44298fc1c149afbf4c8996fb92427ae41e4649b934ca495991b7852b855	d6950f24e5a3c2d51122a4377d3de35a362be83fd5f6fcc6160c6b9274a1dc81	d6950f24e5a3c2d51122a4377d3de35a362be83fd5f6fcc6160c6b9274a1dc81	
ERS5446123	NORW-EC4D1_CoronaHiT-Illumina		ERZ1691222	ERR4970116	NORW-EC4D1	Coronahit routine	FALSE		e3b0c44298fc1c149afbf4c8996fb92427ae41e4649b934ca495991b7852b855	c30ada64a2bb92d4a6e7efb5d0ef8da71a0968490c2e0c9311ed256207065911	c30ada64a2bb92d4a6e7efb5d0ef8da71a0968490c2e0c9311ed256207065911	
ERS5446106	NORW-EC4E0_ARTIC_LoCost		ERZ1690903	ERR4969127	NORW-EC4E0	Coronahit routine	FALSE		e3b0c44298fc1c149afbf4c8996fb92427ae41e4649b934ca495991b7852b855	76579ea4c0773cf51ca0ac5195be69016de73abcdfb3bba2ddda9bc99ed288d7	76579ea4c0773cf51ca0ac5195be69016de73abcdfb3bba2ddda9bc99ed288d7	
ERS5446106	NORW-EC4E0_CoronaHiT-ONT		ERZ1690791	ERR4969009	NORW-EC4E0	Coronahit routine	FALSE		e3b0c44298fc1c149afbf4c8996fb92427ae41e4649b934ca495991b7852b855	d422b27bf64e3808066f612a24626a44c9aa61a21b1bab7c7152457a0b597415	d422b27bf64e3808066f612a24626a44c9aa61a21b1bab7c7152457a0b597415	
ERS5446106	NORW-EC4E0_CoronaHiT-Illumina		ERZ1691225	ERR4970119	NORW-EC4E0	Coronahit routine	FALSE		e3b0c44298fc1c149afbf4c8996fb92427ae41e4649b934ca495991b7852b855	ddee6484659eec4041e047717f3e922ba787a579b3801ac004bd1eec6a10b5a0	ddee6484659eec4041e047717f3e922ba787a579b3801ac004bd1eec6a10b5a0	
ERS5446104	NORW-EC4FF_ARTIC_LoCost		ERZ1690905	ERR4969129	NORW-EC4FF	Coronahit routine	FALSE		e3b0c44298fc1c149afbf4c8996fb92427ae41e4649b934ca495991b7852b855	65eb4bff70025962a7601af3957b7a9156cc91e2060d5eb0241b8bac8ff85a0a	65eb4bff70025962a7601af3957b7a9156cc91e2060d5eb0241b8bac8ff85a0a	
ERS5446104	NORW-EC4FF_CoronaHiT-ONT		ERZ1690803	ERR4969021	NORW-EC4FF	Coronahit routine	FALSE		e3b0c44298fc1c149afbf4c8996fb92427ae41e4649b934ca495991b7852b855	10c430256b03981f2b9bc1bbbd81f810729772707602047d0106ca4938b140fa	10c430256b03981f2b9bc1bbbd81f810729772707602047d0106ca4938b140fa	
ERS5446104	NORW-EC4FF_CoronaHiT-Illumina		ERZ1691217	ERR4970111	NORW-EC4FF	Coronahit routine	FALSE		e3b0c44298fc1c149afbf4c8996fb92427ae41e4649b934ca495991b7852b855	1296ac266468d395c12dbf47d4beb64b401e12e7abfbd1611d50b804347fb82f	1296ac266468d395c12dbf47d4beb64b401e12e7abfbd1611d50b804347fb82f	
ERS5446118	NORW-EC50B_ARTIC_LoCost		ERZ1690837	ERR4969061	NORW-EC50B	Coronahit routine	FALSE		e3b0c44298fc1c149afbf4c8996fb92427ae41e4649b934ca495991b7852b855	ca8ebae5b99244e87cb0b60e658887caf6ca53270f281a691d51b601b2dd337b	ca8ebae5b99244e87cb0b60e658887caf6ca53270f281a691d51b601b2dd337b	
ERS5446118	NORW-EC50B_CoronaHiT-ONT		ERZ1690759	ERR4968977	NORW-EC50B	Coronahit routine	FALSE		e3b0c44298fc1c149afbf4c8996fb92427ae41e4649b934ca495991b7852b855	2c11ed5ee32ce7ad720ae4ed30a563f48cff81b9c1e0f83b1888e6334ef8f86a	2c11ed5ee32ce7ad720ae4ed30a563f48cff81b9c1e0f83b1888e6334ef8f86a	
ERS5446118	NORW-EC50B_CoronaHiT-Illumina		ERZ1691221	ERR4970115	NORW-EC50B	Coronahit routine	FALSE		e3b0c44298fc1c149afbf4c8996fb92427ae41e4649b934ca495991b7852b855	9a7c49aede615f465e565a59fd69e3d06fcefad8ca845d1eb0c1d22782d91d4d	9a7c49aede615f465e565a59fd69e3d06fcefad8ca845d1eb0c1d22782d91d4d	
ERS5446091	NORW-EC529_ARTIC_LoCost		ERZ1690860	ERR4969084	NORW-EC529	Coronahit routine	FALSE		e3b0c44298fc1c149afbf4c8996fb92427ae41e4649b934ca495991b7852b855	47f5ce56c1f0fff4dfc01ada2c930b5a1a719de2c213ff48607f6f3819244da7	47f5ce56c1f0fff4dfc01ada2c930b5a1a719de2c213ff48607f6f3819244da7	
ERS5446091	NORW-EC529_CoronaHiT-ONT		ERZ1690750	ERR4968968	NORW-EC529	Coronahit routine	FALSE		e3b0c44298fc1c149afbf4c8996fb92427ae41e4649b934ca495991b7852b855	d24b8635fb32e3bd43a3fd791bd0af2c60641f782f7f1ccd66cd8cd1140a0db2	d24b8635fb32e3bd43a3fd791bd0af2c60641f782f7f1ccd66cd8cd1140a0db2	
ERS5446091	NORW-EC529_CoronaHiT-Illumina		ERZ1691177	ERR4970071	NORW-EC529	Coronahit routine	FALSE		e3b0c44298fc1c149afbf4c8996fb92427ae41e4649b934ca495991b7852b855	1dfa93192b15c94d74bd055173cccf9c8fec0f0fa99887b292332d24e19ee7c1	1dfa93192b15c94d74bd055173cccf9c8fec0f0fa99887b292332d24e19ee7c1	
ERS5446103	NORW-EC538_ARTIC_LoCost		ERZ1690890	ERR4969114	NORW-EC538	Coronahit routine	FALSE		e3b0c44298fc1c149afbf4c8996fb92427ae41e4649b934ca495991b7852b855	9ba84788aff63f3515710edde0d246433b0c31dd1bfb23a494d4740ebdbac7a5	9ba84788aff63f3515710edde0d246433b0c31dd1bfb23a494d4740ebdbac7a5	
ERS5446103	NORW-EC538_CoronaHiT-ONT		ERZ1690794	ERR4969012	NORW-EC538	Coronahit routine	FALSE		e3b0c44298fc1c149afbf4c8996fb92427ae41e4649b934ca495991b7852b855	6f0cd66979f24263849a108a698f156d0f3ed6b67ae56117b9e564ae7c22c6e9	6f0cd66979f24263849a108a698f156d0f3ed6b67ae56117b9e564ae7c22c6e9	
ERS5446103	NORW-EC538_CoronaHiT-Illumina		ERZ1690721	ERR4969171	NORW-EC538	Coronahit routine	FALSE		e3b0c44298fc1c149afbf4c8996fb92427ae41e4649b934ca495991b7852b855	e011c365ecb63e6e7227c7cac7c091aa9624c5a4ad86856b783ca69880304afd	e011c365ecb63e6e7227c7cac7c091aa9624c5a4ad86856b783ca69880304afd	
ERS5446082	NORW-EC556_ARTIC_LoCost		ERZ1690892	ERR4969116	NORW-EC556	Coronahit routine	FALSE		e3b0c44298fc1c149afbf4c8996fb92427ae41e4649b934ca495991b7852b855	812abaa6e56347f523119a7abfd09a663a3c281e77c857b35770dd4841a56460	812abaa6e56347f523119a7abfd09a663a3c281e77c857b35770dd4841a56460	
ERS5446082	NORW-EC556_CoronaHiT-ONT		ERZ1690778	ERR4968996	NORW-EC556	Coronahit routine	FALSE		e3b0c44298fc1c149afbf4c8996fb92427ae41e4649b934ca495991b7852b855	8ebbbc8fae978e24a7ea5be334fad7a35384f1c247c5e5081fe499a15b9808c3	8ebbbc8fae978e24a7ea5be334fad7a35384f1c247c5e5081fe499a15b9808c3	
ERS5446082	NORW-EC556_CoronaHiT-Illumina		ERZ1690718	ERR4969168	NORW-EC556	Coronahit routine	FALSE		e3b0c44298fc1c149afbf4c8996fb92427ae41e4649b934ca495991b7852b855	9a399e7800bd23ab939cd9ed650de3c40e4827a3819454aedd17a34cfb4cae44	9a399e7800bd23ab939cd9ed650de3c40e4827a3819454aedd17a34cfb4cae44	
ERS5446099	NORW-EC592_ARTIC_LoCost		ERZ1690859	ERR4969083	NORW-EC592	Coronahit routine	FALSE		e3b0c44298fc1c149afbf4c8996fb92427ae41e4649b934ca495991b7852b855	fd500e9c9485df92ec3740e711a3c33a905c817c4e78c2b5ff19148b5d1a0076	fd500e9c9485df92ec3740e711a3c33a905c817c4e78c2b5ff19148b5d1a0076	
ERS5446099	NORW-EC592_CoronaHiT-ONT		ERZ1690745	ERR4968959	NORW-EC592	Coronahit routine	FALSE		e3b0c44298fc1c149afbf4c8996fb92427ae41e4649b934ca495991b7852b855	e6d634ba34ac3627b98cf3fac64753d78e1a3a52916aa24d7a78d06afacc9e3e	e6d634ba34ac3627b98cf3fac64753d78e1a3a52916aa24d7a78d06afacc9e3e	
ERS5446099	NORW-EC592_CoronaHiT-Illumina		ERZ1691202	ERR4970096	NORW-EC592	Coronahit routine	FALSE		e3b0c44298fc1c149afbf4c8996fb92427ae41e4649b934ca495991b7852b855	6ffd20b03a60550e85ec02532f50239304d26456ff3d385fb457b5b9ae96cf15	6ffd20b03a60550e85ec02532f50239304d26456ff3d385fb457b5b9ae96cf15	
ERS5446111	NORW-EC5A1_ARTIC_LoCost		ERZ1690902	ERR4969126	NORW-EC5A1	Coronahit routine	FALSE		e3b0c44298fc1c149afbf4c8996fb92427ae41e4649b934ca495991b7852b855	93bd0414f5fb39e5ef1fa9c2b222797a27070488d9b74596e45ea8cdb752c16a	93bd0414f5fb39e5ef1fa9c2b222797a27070488d9b74596e45ea8cdb752c16a	
ERS5446111	NORW-EC5A1_CoronaHiT-ONT		ERZ1690806	ERR4969024	NORW-EC5A1	Coronahit routine	FALSE		e3b0c44298fc1c149afbf4c8996fb92427ae41e4649b934ca495991b7852b855	8b52388b42c5768313870fab20ddc7391dcf817670a028bb159bd72dffad6a7b	8b52388b42c5768313870fab20ddc7391dcf817670a028bb159bd72dffad6a7b	
ERS5446111	NORW-EC5A1_CoronaHiT-Illumina		ERZ1691220	ERR4970114	NORW-EC5A1	Coronahit routine	FALSE		e3b0c44298fc1c149afbf4c8996fb92427ae41e4649b934ca495991b7852b855	92d6cd1db0ca766fb97a1ed9f0965fe494ee1c79a3bd5df0ea6f7635e248cc5b	92d6cd1db0ca766fb97a1ed9f0965fe494ee1c79a3bd5df0ea6f7635e248cc5b	
ERS5446119	NORW-EC5B0_ARTIC_LoCost		ERZ1690835	ERR4969059	NORW-EC5B0	Coronahit routine	FALSE		e3b0c44298fc1c149afbf4c8996fb92427ae41e4649b934ca495991b7852b855	4861d4712bf4d4f70deeced392adf447b93ba62a4add5f9d3dd6d1616e4b272c	4861d4712bf4d4f70deeced392adf447b93ba62a4add5f9d3dd6d1616e4b272c	
ERS5446119	NORW-EC5B0_CoronaHiT-ONT		ERZ1690770	ERR4968988	NORW-EC5B0	Coronahit routine	FALSE		e3b0c44298fc1c149afbf4c8996fb92427ae41e4649b934ca495991b7852b855	170116989b2a9f2523180969e86629739ff709c3a5a0a9043429bc2a6e7790ce	170116989b2a9f2523180969e86629739ff709c3a5a0a9043429bc2a6e7790ce	
ERS5446119	NORW-EC5B0_CoronaHiT-Illumina		ERZ1691227	ERR4970121	NORW-EC5B0	Coronahit routine	FALSE		e3b0c44298fc1c149afbf4c8996fb92427ae41e4649b934ca495991b7852b855	cfb9818cca9c44117ff8da5b5c58f107114b6166e4539f813bcaecd71006cad5	cfb9818cca9c44117ff8da5b5c58f107114b6166e4539f813bcaecd71006cad5	
ERS5446108	NORW-EC5CF_ARTIC_LoCost		ERZ1690868	ERR4969092	NORW-EC5CF	Coronahit routine	FALSE		e3b0c44298fc1c149afbf4c8996fb92427ae41e4649b934ca495991b7852b855	5e60d3e123fa217deb89f0c6b03b76e63ae141919d5fed127cc230e7a1b344d3	5e60d3e123fa217deb89f0c6b03b76e63ae141919d5fed127cc230e7a1b344d3	
ERS5446108	NORW-EC5CF_CoronaHiT-ONT		ERZ1690785	ERR4969003	NORW-EC5CF	Coronahit routine	FALSE		e3b0c44298fc1c149afbf4c8996fb92427ae41e4649b934ca495991b7852b855	19b947e618b0af5eeccc2dca4c0cc167bdb9e312030193aa0580f222a5fe67cf	19b947e618b0af5eeccc2dca4c0cc167bdb9e312030193aa0580f222a5fe67cf	
ERS5446108	NORW-EC5CF_CoronaHiT-Illumina		ERZ1691210	ERR4970104	NORW-EC5CF	Coronahit routine	FALSE		e3b0c44298fc1c149afbf4c8996fb92427ae41e4649b934ca495991b7852b855	10e72e99fc3768eebeab9d925177a17b586fa004a26a1a4d90569fd4adfaa50a	10e72e99fc3768eebeab9d925177a17b586fa004a26a1a4d90569fd4adfaa50a	
ERS5446075	NORW-EC5DE_ARTIC_LoCost		ERZ1690865	ERR4969089	NORW-EC5DE	Coronahit routine	FALSE		e3b0c44298fc1c149afbf4c8996fb92427ae41e4649b934ca495991b7852b855	dedad92e8ed07fd2de1555ab9e6216d75a49504f3a7df5f167acf4c1aece6856	dedad92e8ed07fd2de1555ab9e6216d75a49504f3a7df5f167acf4c1aece6856	
ERS5446075	NORW-EC5DE_CoronaHiT-ONT		ERZ1690777	ERR4968995	NORW-EC5DE	Coronahit routine	FALSE		e3b0c44298fc1c149afbf4c8996fb92427ae41e4649b934ca495991b7852b855	d63177a21ddb0400214cdaa5e4d343686494fb785f479c954133d81b166ad2fc	d63177a21ddb0400214cdaa5e4d343686494fb785f479c954133d81b166ad2fc	
ERS5446075	NORW-EC5DE_CoronaHiT-Illumina		ERZ1691214	ERR4970108	NORW-EC5DE	Coronahit routine	FALSE		e3b0c44298fc1c149afbf4c8996fb92427ae41e4649b934ca495991b7852b855	271e87f1a4131cf3042539a6a28f6c060d5745d283be3866eedefa75cd9f65e8	271e87f1a4131cf3042539a6a28f6c060d5745d283be3866eedefa75cd9f65e8	
ERS5446114	NORW-EC5ED_ARTIC_LoCost		ERZ1690845	ERR4969069	NORW-EC5ED	Coronahit routine	FALSE		e3b0c44298fc1c149afbf4c8996fb92427ae41e4649b934ca495991b7852b855	24e14df7c8b2cf48d313b3318afa7da289392cae831de4c3bbbb53315ed40c7a	24e14df7c8b2cf48d313b3318afa7da289392cae831de4c3bbbb53315ed40c7a	
ERS5446114	NORW-EC5ED_CoronaHiT-ONT		ERZ1690774	ERR4968992	NORW-EC5ED	Coronahit routine	FALSE		e3b0c44298fc1c149afbf4c8996fb92427ae41e4649b934ca495991b7852b855	c9c2e42ed540fff0d1d9f694f2f2d97bcd766ab6d09f030271d6dabc62db2484	c9c2e42ed540fff0d1d9f694f2f2d97bcd766ab6d09f030271d6dabc62db2484	
ERS5446114	NORW-EC5ED_CoronaHiT-Illumina		ERZ1691226	ERR4970120	NORW-EC5ED	Coronahit routine	FALSE		e3b0c44298fc1c149afbf4c8996fb92427ae41e4649b934ca495991b7852b855	6672e3e830e3009b8f2ec7c7419ccb6c8499ff288c51eeefd0fb7d117ebab60e	6672e3e830e3009b8f2ec7c7419ccb6c8499ff288c51eeefd0fb7d117ebab60e	
ERS5446095	NORW-EC5FC_ARTIC_LoCost		ERZ1690896	ERR4969120	NORW-EC5FC	Coronahit routine	FALSE		e3b0c44298fc1c149afbf4c8996fb92427ae41e4649b934ca495991b7852b855	a57f962ad534be8f4eedd01c9fbee9be008623133aafd5dfd83c548261ad34b1	a57f962ad534be8f4eedd01c9fbee9be008623133aafd5dfd83c548261ad34b1	
ERS5446095	NORW-EC5FC_CoronaHiT-ONT		ERZ1690766	ERR4968984	NORW-EC5FC	Coronahit routine	FALSE		e3b0c44298fc1c149afbf4c8996fb92427ae41e4649b934ca495991b7852b855	b2afa67d63412bc41e81ec645920a62dd65cca0fcd212639670119dc164cc5bc	b2afa67d63412bc41e81ec645920a62dd65cca0fcd212639670119dc164cc5bc	
ERS5446095	NORW-EC5FC_CoronaHiT-Illumina		ERZ1691193	ERR4970087	NORW-EC5FC	Coronahit routine	FALSE		e3b0c44298fc1c149afbf4c8996fb92427ae41e4649b934ca495991b7852b855	0cf54156662fca2ca721126e2852f39de60ca6e6d1f838df880247c93913a791	0cf54156662fca2ca721126e2852f39de60ca6e6d1f838df880247c93913a791	
ERS5446055	NORW-EC608_ARTIC_LoCost		ERZ1690894	ERR4969118	NORW-EC608	Coronahit routine	FALSE		e3b0c44298fc1c149afbf4c8996fb92427ae41e4649b934ca495991b7852b855	e3bcaa5f972e77f11b99b9e4f19f07e038b5ded060122155c0b6a3fb6e0522a4	e3bcaa5f972e77f11b99b9e4f19f07e038b5ded060122155c0b6a3fb6e0522a4	
ERS5446055	NORW-EC608_CoronaHiT-ONT		ERZ1690747	ERR4968961	NORW-EC608	Coronahit routine	FALSE		e3b0c44298fc1c149afbf4c8996fb92427ae41e4649b934ca495991b7852b855	7a0577583763b717cf44a455ee61a180b77394432c423bab817c6ce79e2e3077	7a0577583763b717cf44a455ee61a180b77394432c423bab817c6ce79e2e3077	
ERS5446055	NORW-EC608_CoronaHiT-Illumina		ERZ1691184	ERR4970078	NORW-EC608	Coronahit routine	FALSE		e3b0c44298fc1c149afbf4c8996fb92427ae41e4649b934ca495991b7852b855	aca29bd7b4ef12aa5a207cd14082643186abd68cc9ceede136ca74b8e90dbe04	aca29bd7b4ef12aa5a207cd14082643186abd68cc9ceede136ca74b8e90dbe04	
ERS5446126	NORW-EC617_ARTIC_LoCost		ERZ1690870	ERR4969094	NORW-EC617	Coronahit routine	FALSE		e3b0c44298fc1c149afbf4c8996fb92427ae41e4649b934ca495991b7852b855	1b68d58fe7d0d968db09db58a1347fc3c6a82ccc3b6d4b297429cfaa1596af36	1b68d58fe7d0d968db09db58a1347fc3c6a82ccc3b6d4b297429cfaa1596af36	
ERS5446126	NORW-EC617_CoronaHiT-ONT		ERZ1690742	ERR4968956	NORW-EC617	Coronahit routine	FALSE		e3b0c44298fc1c149afbf4c8996fb92427ae41e4649b934ca495991b7852b855	7a9bd0a53fcc3f3829ff63069a9ca980875466b4a095af119178402a04103c30	7a9bd0a53fcc3f3829ff63069a9ca980875466b4a095af119178402a04103c30	
ERS5446126	NORW-EC617_CoronaHiT-Illumina		ERZ1691235	ERR4970129	NORW-EC617	Coronahit routine	FALSE		e3b0c44298fc1c149afbf4c8996fb92427ae41e4649b934ca495991b7852b855	5b3ca9f52ce40148f8f10cee0e17166cc7193c03fac4e0b7dfb50ba07322a041	5b3ca9f52ce40148f8f10cee0e17166cc7193c03fac4e0b7dfb50ba07322a041	
ERS5446102	NORW-EC626_ARTIC_LoCost		ERZ1690883	ERR4969107	NORW-EC626	Coronahit routine	FALSE		e3b0c44298fc1c149afbf4c8996fb92427ae41e4649b934ca495991b7852b855	c431830de35b8925fc67c861898b173bad36df7af566e80751c5b0ea5638e423	c431830de35b8925fc67c861898b173bad36df7af566e80751c5b0ea5638e423	
ERS5446102	NORW-EC626_CoronaHiT-ONT		ERZ1690816	ERR4969034	NORW-EC626	Coronahit routine	FALSE		e3b0c44298fc1c149afbf4c8996fb92427ae41e4649b934ca495991b7852b855	ab30ffd2a1600dc3a02590133f08d521febef033b9bdd2316157d0055c9dfa5c	ab30ffd2a1600dc3a02590133f08d521febef033b9bdd2316157d0055c9dfa5c	
ERS5446102	NORW-EC626_CoronaHiT-Illumina		ERZ1691211	ERR4970105	NORW-EC626	Coronahit routine	FALSE		e3b0c44298fc1c149afbf4c8996fb92427ae41e4649b934ca495991b7852b855	b50b83c5bd80d39e3e6312d7d20d83869757e83f1bbc2e4eb019a5ce5092883c	b50b83c5bd80d39e3e6312d7d20d83869757e83f1bbc2e4eb019a5ce5092883c	
ERS5446117	NORW-EC644_ARTIC_LoCost		ERZ1690873	ERR4969097	NORW-EC644	Coronahit routine	FALSE		e3b0c44298fc1c149afbf4c8996fb92427ae41e4649b934ca495991b7852b855	4a4ef3b11a39f2eb2422315d477cbafdeaf95a4bda5cbe2ef4d2a68b841c39e5	4a4ef3b11a39f2eb2422315d477cbafdeaf95a4bda5cbe2ef4d2a68b841c39e5	
ERS5446117	NORW-EC644_CoronaHiT-ONT		ERZ1690814	ERR4969032	NORW-EC644	Coronahit routine	FALSE		e3b0c44298fc1c149afbf4c8996fb92427ae41e4649b934ca495991b7852b855	1ab01bb7fb70ef16d8dfa317a1c72d595ccfbff19d0997adbff1d62ed3cf2bd2	1ab01bb7fb70ef16d8dfa317a1c72d595ccfbff19d0997adbff1d62ed3cf2bd2	
ERS5446117	NORW-EC644_CoronaHiT-Illumina		ERZ1691224	ERR4970118	NORW-EC644	Coronahit routine	FALSE		e3b0c44298fc1c149afbf4c8996fb92427ae41e4649b934ca495991b7852b855	2f6e7d483457445d5e1bf66cddf3613b3311099c8e8afdb95970e032a2a0e54a	2f6e7d483457445d5e1bf66cddf3613b3311099c8e8afdb95970e032a2a0e54a	
ERS5446083	NORW-EC653_ARTIC_LoCost		ERZ1690847	ERR4969071	NORW-EC653	Coronahit routine	FALSE		e3b0c44298fc1c149afbf4c8996fb92427ae41e4649b934ca495991b7852b855	6025bbe85892c1c27e0c558cc64e228af5cfc08ad867d5f0963c37000e0f9023	6025bbe85892c1c27e0c558cc64e228af5cfc08ad867d5f0963c37000e0f9023	
ERS5446083	NORW-EC653_CoronaHiT-ONT		ERZ1690772	ERR4968990	NORW-EC653	Coronahit routine	FALSE		e3b0c44298fc1c149afbf4c8996fb92427ae41e4649b934ca495991b7852b855	8af807312029edef7ff177cfd440d5b887acabe78f40563c2f1eb2ecf0b4fef4	8af807312029edef7ff177cfd440d5b887acabe78f40563c2f1eb2ecf0b4fef4	
ERS5446083	NORW-EC653_CoronaHiT-Illumina		ERZ1691201	ERR4970095	NORW-EC653	Coronahit routine	FALSE		e3b0c44298fc1c149afbf4c8996fb92427ae41e4649b934ca495991b7852b855	0dcc00fdf280218cb9829e9bbe84cc2d27a1c9ce877fa3c3b15e8110060a48b2	0dcc00fdf280218cb9829e9bbe84cc2d27a1c9ce877fa3c3b15e8110060a48b2	
ERS5446116	NORW-EC662_ARTIC_LoCost		ERZ1690872	ERR4969096	NORW-EC662	Coronahit routine	FALSE		e3b0c44298fc1c149afbf4c8996fb92427ae41e4649b934ca495991b7852b855	ef7cd0713a93ee02190a0fa42ca7d0e032869b6235a75dcb8f5d5895496c8158	ef7cd0713a93ee02190a0fa42ca7d0e032869b6235a75dcb8f5d5895496c8158	
ERS5446116	NORW-EC662_CoronaHiT-ONT		ERZ1690809	ERR4969027	NORW-EC662	Coronahit routine	FALSE		e3b0c44298fc1c149afbf4c8996fb92427ae41e4649b934ca495991b7852b855	a6b1c9866a7d60f3e3771dfd0cad62a016c8f6d1a8091216be73da08cd67db1e	a6b1c9866a7d60f3e3771dfd0cad62a016c8f6d1a8091216be73da08cd67db1e	
ERS5446116	NORW-EC662_CoronaHiT-Illumina		ERZ1691232	ERR4970126	NORW-EC662	Coronahit routine	FALSE		e3b0c44298fc1c149afbf4c8996fb92427ae41e4649b934ca495991b7852b855	cd449a2c983b531390fb6dba96b82932f3372458cfe6a71476f85ff8c318fae0	cd449a2c983b531390fb6dba96b82932f3372458cfe6a71476f85ff8c318fae0	
ERS5446056	NORW-EC671_ARTIC_LoCost		ERZ1690893	ERR4969117	NORW-EC671	Coronahit routine	FALSE		e3b0c44298fc1c149afbf4c8996fb92427ae41e4649b934ca495991b7852b855	7436546670ab1406636d3ca3d044e95241246230a2cd33f2b92fb82dea3e414e	7436546670ab1406636d3ca3d044e95241246230a2cd33f2b92fb82dea3e414e	
ERS5446056	NORW-EC671_CoronaHiT-ONT		ERZ1690751	ERR4968969	NORW-EC671	Coronahit routine	FALSE		e3b0c44298fc1c149afbf4c8996fb92427ae41e4649b934ca495991b7852b855	b24cac3e27605fdb9592ecd922bf61c5862cab42d216fa8fea029c31429ab3c1	b24cac3e27605fdb9592ecd922bf61c5862cab42d216fa8fea029c31429ab3c1	
ERS5446056	NORW-EC671_CoronaHiT-Illumina		ERZ1691179	ERR4970073	NORW-EC671	Coronahit routine	FALSE		e3b0c44298fc1c149afbf4c8996fb92427ae41e4649b934ca495991b7852b855	8746992e0287238bb3f4a986d731009c1139c72f51742f47de366f5c5d1d8bae	8746992e0287238bb3f4a986d731009c1139c72f51742f47de366f5c5d1d8bae	
ERS5446088	NORW-EC680_ARTIC_LoCost		ERZ1690904	ERR4969128	NORW-EC680	Coronahit routine	FALSE		e3b0c44298fc1c149afbf4c8996fb92427ae41e4649b934ca495991b7852b855	b30d70e1061b0b71b7be05012d3128293eed5d4749e24aca610d64178e2551aa	b30d70e1061b0b71b7be05012d3128293eed5d4749e24aca610d64178e2551aa	
ERS5446088	NORW-EC680_CoronaHiT-ONT		ERZ1690761	ERR4968979	NORW-EC680	Coronahit routine	FALSE		e3b0c44298fc1c149afbf4c8996fb92427ae41e4649b934ca495991b7852b855	05921c0f366c09b5758e555b319de122038e7137271f48811e99faf88c789d20	05921c0f366c09b5758e555b319de122038e7137271f48811e99faf88c789d20	
ERS5446088	NORW-EC680_CoronaHiT-Illumina		ERZ1691196	ERR4970090	NORW-EC680	Coronahit routine	FALSE		e3b0c44298fc1c149afbf4c8996fb92427ae41e4649b934ca495991b7852b855	ed5603f0baeede942ba796c54fb5386720744f68a4b0f671ad99c9318052ddd6	ed5603f0baeede942ba796c54fb5386720744f68a4b0f671ad99c9318052ddd6	
ERS5446087	NORW-EC69F_ARTIC_LoCost		ERZ1690858	ERR4969082	NORW-EC69F	Coronahit routine	FALSE		e3b0c44298fc1c149afbf4c8996fb92427ae41e4649b934ca495991b7852b855	da6df5c1b5e3f9c29fa4d58a2e9115ef721d993247c97f03fdb15948bbd44c49	da6df5c1b5e3f9c29fa4d58a2e9115ef721d993247c97f03fdb15948bbd44c49	
ERS5446087	NORW-EC69F_CoronaHiT-ONT		ERZ1690764	ERR4968982	NORW-EC69F	Coronahit routine	FALSE		e3b0c44298fc1c149afbf4c8996fb92427ae41e4649b934ca495991b7852b855	7be853b7ca1964ac2265b2a9820e568445352e7634e39579735cc96bbcf8f458	7be853b7ca1964ac2265b2a9820e568445352e7634e39579735cc96bbcf8f458	
ERS5446087	NORW-EC69F_CoronaHiT-Illumina		ERZ1691206	ERR4970100	NORW-EC69F	Coronahit routine	FALSE		e3b0c44298fc1c149afbf4c8996fb92427ae41e4649b934ca495991b7852b855	09589e4b7452b2918f08b1243f9b2ea8b1bb244090f24b7537c31d6d2cd8a41c	09589e4b7452b2918f08b1243f9b2ea8b1bb244090f24b7537c31d6d2cd8a41c	
ERS5446071	NORW-EC6AE_ARTIC_LoCost		ERZ1690879	ERR4969103	NORW-EC6AE	Coronahit routine	FALSE		e3b0c44298fc1c149afbf4c8996fb92427ae41e4649b934ca495991b7852b855	fe0cd7b9bb0cf3d4275851b3803ff0851903422babf959ce781ac12758286bff	fe0cd7b9bb0cf3d4275851b3803ff0851903422babf959ce781ac12758286bff	
ERS5446071	NORW-EC6AE_CoronaHiT-ONT		ERZ1690768	ERR4968986	NORW-EC6AE	Coronahit routine	FALSE		e3b0c44298fc1c149afbf4c8996fb92427ae41e4649b934ca495991b7852b855	9f6704c8f2efa18c22fe324bbbbde373a9e77515eee7788bbe5cdef40aafa0e4	9f6704c8f2efa18c22fe324bbbbde373a9e77515eee7788bbe5cdef40aafa0e4	
ERS5446071	NORW-EC6AE_CoronaHiT-Illumina		ERZ1691176	ERR4970070	NORW-EC6AE	Coronahit routine	FALSE		e3b0c44298fc1c149afbf4c8996fb92427ae41e4649b934ca495991b7852b855	7a14b19a847913af460fe8787e44bd6918fd2e0820f7904a1ca946b768e82bf1	7a14b19a847913af460fe8787e44bd6918fd2e0820f7904a1ca946b768e82bf1	
ERS5446064	NORW-EC6BD_ARTIC_LoCost		ERZ1690888	ERR4969112	NORW-EC6BD	Coronahit routine	FALSE		e3b0c44298fc1c149afbf4c8996fb92427ae41e4649b934ca495991b7852b855	43d51b55fd2036434af71888cdebad356da94f778d5683899f3d38ec75d1d625	43d51b55fd2036434af71888cdebad356da94f778d5683899f3d38ec75d1d625	
ERS5446064	NORW-EC6BD_CoronaHiT-ONT		ERZ1690771	ERR4968989	NORW-EC6BD	Coronahit routine	FALSE		e3b0c44298fc1c149afbf4c8996fb92427ae41e4649b934ca495991b7852b855	23958662aee9ad1f8a9178ead2ea4d6e52c7698caf22ef5658f965ecefee0f11	23958662aee9ad1f8a9178ead2ea4d6e52c7698caf22ef5658f965ecefee0f11	
ERS5446064	NORW-EC6BD_CoronaHiT-Illumina		ERZ1691174	ERR4970068	NORW-EC6BD	Coronahit routine	FALSE		e3b0c44298fc1c149afbf4c8996fb92427ae41e4649b934ca495991b7852b855	5f11abf29e9064103d7adb135f0736ce43429e847052ba58b9dd8e92c339e8c2	5f11abf29e9064103d7adb135f0736ce43429e847052ba58b9dd8e92c339e8c2	
ERS5446072	NORW-EC6DB_ARTIC_LoCost		ERZ1690878	ERR4969102	NORW-EC6DB	Coronahit routine	FALSE		e3b0c44298fc1c149afbf4c8996fb92427ae41e4649b934ca495991b7852b855	8389262e05b5674b4ed90734c01d7a8bb279c7003ffdd4fd94364ad3533b59ae	8389262e05b5674b4ed90734c01d7a8bb279c7003ffdd4fd94364ad3533b59ae	
ERS5446072	NORW-EC6DB_CoronaHiT-ONT		ERZ1690779	ERR4968997	NORW-EC6DB	Coronahit routine	FALSE		e3b0c44298fc1c149afbf4c8996fb92427ae41e4649b934ca495991b7852b855	60993a5b5b1a5da66665ea1bd8905bbf72a903b3aff3d39d277d00ab2d72606d	60993a5b5b1a5da66665ea1bd8905bbf72a903b3aff3d39d277d00ab2d72606d	
ERS5446072	NORW-EC6DB_CoronaHiT-Illumina		ERZ1691194	ERR4970088	NORW-EC6DB	Coronahit routine	FALSE		e3b0c44298fc1c149afbf4c8996fb92427ae41e4649b934ca495991b7852b855	9e4c694df7d749ed044f95308d6e98ab025a2c4f3bd4c29b7fe63c243f199f38	9e4c694df7d749ed044f95308d6e98ab025a2c4f3bd4c29b7fe63c243f199f38	
ERS5446090	NORW-EC6EA_ARTIC_LoCost		ERZ1690843	ERR4969067	NORW-EC6EA	Coronahit routine	FALSE		e3b0c44298fc1c149afbf4c8996fb92427ae41e4649b934ca495991b7852b855	84d6f746f47e4598e4197db68725d0fb1dec9230b8e2fe48821776c3253c998a	84d6f746f47e4598e4197db68725d0fb1dec9230b8e2fe48821776c3253c998a	
ERS5446090	NORW-EC6EA_CoronaHiT-ONT		ERZ1690817	ERR4969035	NORW-EC6EA	Coronahit routine	FALSE		e3b0c44298fc1c149afbf4c8996fb92427ae41e4649b934ca495991b7852b855	eb10aa4b9653c7a3771226a75aa4d3d0072d79f8a2b88e6074da868921f1639f	eb10aa4b9653c7a3771226a75aa4d3d0072d79f8a2b88e6074da868921f1639f	
ERS5446090	NORW-EC6EA_CoronaHiT-Illumina		ERZ1691200	ERR4970094	NORW-EC6EA	Coronahit routine	FALSE		e3b0c44298fc1c149afbf4c8996fb92427ae41e4649b934ca495991b7852b855	7db4c45c666e6969d9213f56097b3e0ba039e2e0ca46c9f92a59792fa2f5a6a3	7db4c45c666e6969d9213f56097b3e0ba039e2e0ca46c9f92a59792fa2f5a6a3	
ERS5446120	NORW-EC6F9_ARTIC_LoCost		ERZ1690856	ERR4969080	NORW-EC6F9	Coronahit routine	FALSE		e3b0c44298fc1c149afbf4c8996fb92427ae41e4649b934ca495991b7852b855	ac11d18411515100807061b3f90b0c60a79f1017238a3c704dc1d8aa1f31c9aa	ac11d18411515100807061b3f90b0c60a79f1017238a3c704dc1d8aa1f31c9aa	
ERS5446120	NORW-EC6F9_CoronaHiT-ONT		ERZ1690811	ERR4969029	NORW-EC6F9	Coronahit routine	FALSE		e3b0c44298fc1c149afbf4c8996fb92427ae41e4649b934ca495991b7852b855	4c6f7d51bd6e47925670cbfd09c8214f299d8bf8a931af31a99e96df412257b3	4c6f7d51bd6e47925670cbfd09c8214f299d8bf8a931af31a99e96df412257b3	
ERS5446120	NORW-EC6F9_CoronaHiT-Illumina		ERZ1691228	ERR4970122	NORW-EC6F9	Coronahit routine	FALSE		e3b0c44298fc1c149afbf4c8996fb92427ae41e4649b934ca495991b7852b855	b0dcaede91971221fe1976057c5be78384e8202e7cba0a4c8a9132fa6536309d	b0dcaede91971221fe1976057c5be78384e8202e7cba0a4c8a9132fa6536309d	
ERS5446115	NORW-EC705_ARTIC_LoCost		ERZ1690857	ERR4969081	NORW-EC705	Coronahit routine	FALSE		e3b0c44298fc1c149afbf4c8996fb92427ae41e4649b934ca495991b7852b855	fcba53b23d8ef3e6db1690610f55357dec8267fcb568632adfa92a464b1f3a5e	fcba53b23d8ef3e6db1690610f55357dec8267fcb568632adfa92a464b1f3a5e	
ERS5446115	NORW-EC705_CoronaHiT-ONT		ERZ1690802	ERR4969020	NORW-EC705	Coronahit routine	FALSE		e3b0c44298fc1c149afbf4c8996fb92427ae41e4649b934ca495991b7852b855	48fe10a6c0dbfba574c36b6f0464acd4163c33af894e1fe8bb71a00fea1eb7e0	48fe10a6c0dbfba574c36b6f0464acd4163c33af894e1fe8bb71a00fea1eb7e0	
ERS5446115	NORW-EC705_CoronaHiT-Illumina		ERZ1691236	ERR4970130	NORW-EC705	Coronahit routine	FALSE		e3b0c44298fc1c149afbf4c8996fb92427ae41e4649b934ca495991b7852b855	4a8b10f1615c09bd286a7c806ffde3a98977c4fd0338ade896c2de62cb34c298	4a8b10f1615c09bd286a7c806ffde3a98977c4fd0338ade896c2de62cb34c298	
ERS5446069	NORW-EC714_ARTIC_LoCost		ERZ1690852	ERR4969076	NORW-EC714	Coronahit routine	FALSE		e3b0c44298fc1c149afbf4c8996fb92427ae41e4649b934ca495991b7852b855	a55d916de2161aeae065010a4345e04ed433ba0be2aace29ffd3b7967819a921	a55d916de2161aeae065010a4345e04ed433ba0be2aace29ffd3b7967819a921	
ERS5446069	NORW-EC714_CoronaHiT-ONT		ERZ1690808	ERR4969026	NORW-EC714	Coronahit routine	FALSE		e3b0c44298fc1c149afbf4c8996fb92427ae41e4649b934ca495991b7852b855	524d4d41d08ed3397a8a4d011d27aee8417beecb50a1a106f63e353984eb3e8b	524d4d41d08ed3397a8a4d011d27aee8417beecb50a1a106f63e353984eb3e8b	
ERS5446069	NORW-EC714_CoronaHiT-Illumina		ERZ1691175	ERR4970069	NORW-EC714	Coronahit routine	FALSE		e3b0c44298fc1c149afbf4c8996fb92427ae41e4649b934ca495991b7852b855	2ebd911405278e1ab992b641ed52e931ec4f3ca52f2bc594eb007def870c2439	2ebd911405278e1ab992b641ed52e931ec4f3ca52f2bc594eb007def870c2439	
ERS5446078	NORW-EC732_ARTIC_LoCost		ERZ1690851	ERR4969075	NORW-EC732	Coronahit routine	FALSE		e3b0c44298fc1c149afbf4c8996fb92427ae41e4649b934ca495991b7852b855	64499f941c18559e21e14a44d0c463f63755262cfc683fc83eb9943a56681885	64499f941c18559e21e14a44d0c463f63755262cfc683fc83eb9943a56681885	
ERS5446078	NORW-EC732_CoronaHiT-ONT		ERZ1690783	ERR4969001	NORW-EC732	Coronahit routine	FALSE		e3b0c44298fc1c149afbf4c8996fb92427ae41e4649b934ca495991b7852b855	394c28353315214fb7b2fcb150b2b1120cd90b804755bd00016901f95b105de0	394c28353315214fb7b2fcb150b2b1120cd90b804755bd00016901f95b105de0	
ERS5446078	NORW-EC732_CoronaHiT-Illumina		ERZ1691189	ERR4970083	NORW-EC732	Coronahit routine	FALSE		e3b0c44298fc1c149afbf4c8996fb92427ae41e4649b934ca495991b7852b855	610513ac7190afbcf8cee2fb036229fd6a22e713876ba3d538d4b40e4c1bdcc0	610513ac7190afbcf8cee2fb036229fd6a22e713876ba3d538d4b40e4c1bdcc0	
ERS5446124	NORW-EC741_ARTIC_LoCost		ERZ1690877	ERR4969101	NORW-EC741	Coronahit routine	FALSE		e3b0c44298fc1c149afbf4c8996fb92427ae41e4649b934ca495991b7852b855	c64ffd51205e260a84c1245d1606215e4832077af7e795380b9b65765f9de68e	c64ffd51205e260a84c1245d1606215e4832077af7e795380b9b65765f9de68e	
ERS5446124	NORW-EC741_CoronaHiT-ONT		ERZ1690815	ERR4969033	NORW-EC741	Coronahit routine	FALSE		e3b0c44298fc1c149afbf4c8996fb92427ae41e4649b934ca495991b7852b855	c7a342ed5d606d1c6e7e339651da6ec601077d1f53ca5408fbf497a3059e0b12	c7a342ed5d606d1c6e7e339651da6ec601077d1f53ca5408fbf497a3059e0b12	
ERS5446124	NORW-EC741_CoronaHiT-Illumina		ERZ1691234	ERR4970128	NORW-EC741	Coronahit routine	FALSE		e3b0c44298fc1c149afbf4c8996fb92427ae41e4649b934ca495991b7852b855	ac9a3b0758f705c889816c655e78b53677d259a173cf2653e7e17d24770328bb	ac9a3b0758f705c889816c655e78b53677d259a173cf2653e7e17d24770328bb	
ERS5446059	NORW-EC750_ARTIC_LoCost		ERZ1690866	ERR4969090	NORW-EC750	Coronahit routine	FALSE		e3b0c44298fc1c149afbf4c8996fb92427ae41e4649b934ca495991b7852b855	86f4bbfb22be9f7a508f8e0f353359cf5aca3d39cb582c625f6d3eb3109a9519	86f4bbfb22be9f7a508f8e0f353359cf5aca3d39cb582c625f6d3eb3109a9519	
ERS5446059	NORW-EC750_CoronaHiT-ONT		ERZ1690781	ERR4968999	NORW-EC750	Coronahit routine	FALSE		e3b0c44298fc1c149afbf4c8996fb92427ae41e4649b934ca495991b7852b855	24edb0cd3ef201190cdc14ed001eecc0445fabf1f48a7c1228bd728efcdfe7d5	24edb0cd3ef201190cdc14ed001eecc0445fabf1f48a7c1228bd728efcdfe7d5	
ERS5446059	NORW-EC750_CoronaHiT-Illumina		ERZ1691178	ERR4970072	NORW-EC750	Coronahit routine	FALSE		e3b0c44298fc1c149afbf4c8996fb92427ae41e4649b934ca495991b7852b855	dab237c16f083f7428cd439e371fdba80304f348da2e624bb38cfbc66def7459	dab237c16f083f7428cd439e371fdba80304f348da2e624bb38cfbc66def7459	
ERS5446080	NORW-EC76F_ARTIC_LoCost		ERZ1690891	ERR4969115	NORW-EC76F	Coronahit routine	FALSE		e3b0c44298fc1c149afbf4c8996fb92427ae41e4649b934ca495991b7852b855	2e610f141764de3cf5e460c5af0e4dc7e0993fa704b027e36af4b8cbbdf2cd33	2e610f141764de3cf5e460c5af0e4dc7e0993fa704b027e36af4b8cbbdf2cd33	
ERS5446080	NORW-EC76F_CoronaHiT-ONT		ERZ1690757	ERR4968975	NORW-EC76F	Coronahit routine	FALSE		e3b0c44298fc1c149afbf4c8996fb92427ae41e4649b934ca495991b7852b855	fcb8a90c5f5bc874eab48cfd36dbc2d5a624b6b5d94d557599d68c1e3715fdee	fcb8a90c5f5bc874eab48cfd36dbc2d5a624b6b5d94d557599d68c1e3715fdee	
ERS5446080	NORW-EC76F_CoronaHiT-Illumina		ERZ1691197	ERR4970091	NORW-EC76F	Coronahit routine	FALSE		e3b0c44298fc1c149afbf4c8996fb92427ae41e4649b934ca495991b7852b855	6ebd15cfce4a96e7e3360aecaf3f2f3b7e9fc6b71ec92b3615ac40ab8115acce	6ebd15cfce4a96e7e3360aecaf3f2f3b7e9fc6b71ec92b3615ac40ab8115acce	
ERS5446061	NORW-EC77E_ARTIC_LoCost		ERZ1690846	ERR4969070	NORW-EC77E	Coronahit routine	FALSE		e3b0c44298fc1c149afbf4c8996fb92427ae41e4649b934ca495991b7852b855	60a93d4e2b72ba797a4afde02ab9a989d983cef8670fde8a5f4117c4984512ae	60a93d4e2b72ba797a4afde02ab9a989d983cef8670fde8a5f4117c4984512ae	
ERS5446061	NORW-EC77E_CoronaHiT-ONT		ERZ1690767	ERR4968985	NORW-EC77E	Coronahit routine	FALSE		e3b0c44298fc1c149afbf4c8996fb92427ae41e4649b934ca495991b7852b855	d2ac401392065349877c2da63b4e05ebbac2157435a024dd8e4e825e10f849c5	d2ac401392065349877c2da63b4e05ebbac2157435a024dd8e4e825e10f849c5	
ERS5446061	NORW-EC77E_CoronaHiT-Illumina		ERZ1691182	ERR4970076	NORW-EC77E	Coronahit routine	FALSE		e3b0c44298fc1c149afbf4c8996fb92427ae41e4649b934ca495991b7852b855	083d498bdedfc0dfafdc735249165336137a39a93a5cf986d3a8a85414f87b57	083d498bdedfc0dfafdc735249165336137a39a93a5cf986d3a8a85414f87b57	
ERS5446113	NORW-EC78D_ARTIC_LoCost		ERZ1690886	ERR4969110	NORW-EC78D	Coronahit routine	FALSE		e3b0c44298fc1c149afbf4c8996fb92427ae41e4649b934ca495991b7852b855	0a59c67975e425964f91caa922a6fef4e189a14f796b2ad44a252d33b4d86471	0a59c67975e425964f91caa922a6fef4e189a14f796b2ad44a252d33b4d86471	
ERS5446113	NORW-EC78D_CoronaHiT-ONT		ERZ1690754	ERR4968972	NORW-EC78D	Coronahit routine	FALSE		e3b0c44298fc1c149afbf4c8996fb92427ae41e4649b934ca495991b7852b855	ca06bec2abef50f186e4efe0537f7848cebd756630917dd5b64c44ccc9fe825d	ca06bec2abef50f186e4efe0537f7848cebd756630917dd5b64c44ccc9fe825d	
ERS5446113	NORW-EC78D_CoronaHiT-Illumina		ERZ1691212	ERR4970106	NORW-EC78D	Coronahit routine	FALSE		e3b0c44298fc1c149afbf4c8996fb92427ae41e4649b934ca495991b7852b855	262f6f844029296d51c80f6c49a7060b3a668895b91361a7949a081a753e04a0	262f6f844029296d51c80f6c49a7060b3a668895b91361a7949a081a753e04a0	
ERS5446129	NORW-EC7AB_ARTIC_LoCost		ERZ1690848	ERR4969072	NORW-EC7AB	Coronahit routine	FALSE		e3b0c44298fc1c149afbf4c8996fb92427ae41e4649b934ca495991b7852b855	fc005c75ba7c83fe2c590a0741e3fae4b7657c727f159a2dfe26d27738e59211	fc005c75ba7c83fe2c590a0741e3fae4b7657c727f159a2dfe26d27738e59211	
ERS5446129	NORW-EC7AB_CoronaHiT-ONT		ERZ1690790	ERR4969008	NORW-EC7AB	Coronahit routine	FALSE		e3b0c44298fc1c149afbf4c8996fb92427ae41e4649b934ca495991b7852b855	e0e3d2e6225026a737f245cf96d7732fae6f2815b51d91d009b067cbaca8bf0f	e0e3d2e6225026a737f245cf96d7732fae6f2815b51d91d009b067cbaca8bf0f	
ERS5446129	NORW-EC7AB_CoronaHiT-Illumina		ERZ1691171	ERR4970065	NORW-EC7AB	Coronahit routine	FALSE		e3b0c44298fc1c149afbf4c8996fb92427ae41e4649b934ca495991b7852b855	193c1e6c494e989ef81f7ae7d71446509dc9855eca36764edcbb88f9e338e564	193c1e6c494e989ef81f7ae7d71446509dc9855eca36764edcbb88f9e338e564	
ERS5446079	NORW-EC7D8_ARTIC_LoCost		ERZ1690876	ERR4969100	NORW-EC7D8	Coronahit routine	FALSE		e3b0c44298fc1c149afbf4c8996fb92427ae41e4649b934ca495991b7852b855	5f5fd9cba3df41a3fb44c4d49099ca7a3f2ef394f685149e0f474cbaa080f735	5f5fd9cba3df41a3fb44c4d49099ca7a3f2ef394f685149e0f474cbaa080f735	
ERS5446079	NORW-EC7D8_CoronaHiT-ONT		ERZ1690801	ERR4969019	NORW-EC7D8	Coronahit routine	FALSE		e3b0c44298fc1c149afbf4c8996fb92427ae41e4649b934ca495991b7852b855	bb9586f145f2d61798f08082e074e20a503ee8b796c5dd333307caa0cc35f93d	bb9586f145f2d61798f08082e074e20a503ee8b796c5dd333307caa0cc35f93d	
ERS5446079	NORW-EC7D8_CoronaHiT-Illumina		ERZ1690719	ERR4969169	NORW-EC7D8	Coronahit routine	FALSE		e3b0c44298fc1c149afbf4c8996fb92427ae41e4649b934ca495991b7852b855	4bcaaceab8b51f53384b597c5145a7ba51966034b34e0162c8a8c97d2c2f11e7	4bcaaceab8b51f53384b597c5145a7ba51966034b34e0162c8a8c97d2c2f11e7	
ERS5446085	NORW-EC7E7_ARTIC_LoCost		ERZ1690861	ERR4969085	NORW-EC7E7	Coronahit routine	FALSE		e3b0c44298fc1c149afbf4c8996fb92427ae41e4649b934ca495991b7852b855	34665900cbda709c9c7dbb76eccf785dcb35cee3b89374b59a56eee9f149f8e3	34665900cbda709c9c7dbb76eccf785dcb35cee3b89374b59a56eee9f149f8e3	
ERS5446085	NORW-EC7E7_CoronaHiT-ONT		ERZ1690804	ERR4969022	NORW-EC7E7	Coronahit routine	FALSE		e3b0c44298fc1c149afbf4c8996fb92427ae41e4649b934ca495991b7852b855	d09bc93f92de48ad866634208b75fd04f757052130c9d3e61332266dbd991657	d09bc93f92de48ad866634208b75fd04f757052130c9d3e61332266dbd991657	
ERS5446085	NORW-EC7E7_CoronaHiT-Illumina		ERZ1691183	ERR4970077	NORW-EC7E7	Coronahit routine	FALSE		e3b0c44298fc1c149afbf4c8996fb92427ae41e4649b934ca495991b7852b855	d069768ef45da3786e7dab1a49d61b98f83d1beabff73db6357cb04c6ae66fda	d069768ef45da3786e7dab1a49d61b98f83d1beabff73db6357cb04c6ae66fda	
ERS5446093	NORW-EC7F6_ARTIC_LoCost		ERZ1690885	ERR4969109	NORW-EC7F6	Coronahit routine	FALSE		e3b0c44298fc1c149afbf4c8996fb92427ae41e4649b934ca495991b7852b855	89a9ba977ccb8c6acbbc0f8c9f403aa9cfd24ceadada57534e88eac9859a1f7d	89a9ba977ccb8c6acbbc0f8c9f403aa9cfd24ceadada57534e88eac9859a1f7d	
ERS5446093	NORW-EC7F6_CoronaHiT-ONT		ERZ1690744	ERR4968958	NORW-EC7F6	Coronahit routine	FALSE		e3b0c44298fc1c149afbf4c8996fb92427ae41e4649b934ca495991b7852b855	603ac20aeda17483609b20f0211db1848a3091db58f374c01a334a846c2cd0b6	603ac20aeda17483609b20f0211db1848a3091db58f374c01a334a846c2cd0b6	
ERS5446093	NORW-EC7F6_CoronaHiT-Illumina		ERZ1691198	ERR4970092	NORW-EC7F6	Coronahit routine	FALSE		e3b0c44298fc1c149afbf4c8996fb92427ae41e4649b934ca495991b7852b855	e71c1acbdda3f14fdc4058da1dda63d20265c06b7ca619dc05887cc24faa62d5	e71c1acbdda3f14fdc4058da1dda63d20265c06b7ca619dc05887cc24faa62d5	
ERS5446109	NORW-EC802_ARTIC_LoCost		ERZ1690842	ERR4969066	NORW-EC802	Coronahit routine	FALSE		e3b0c44298fc1c149afbf4c8996fb92427ae41e4649b934ca495991b7852b855	ad36279eb9ba9cd7d836e8f3c2f6b2efdd22f791b362a337565b1db9344c4a46	ad36279eb9ba9cd7d836e8f3c2f6b2efdd22f791b362a337565b1db9344c4a46	
ERS5446109	NORW-EC802_CoronaHiT-ONT		ERZ1690782	ERR4969000	NORW-EC802	Coronahit routine	FALSE		e3b0c44298fc1c149afbf4c8996fb92427ae41e4649b934ca495991b7852b855	8de8f40290d0dc2f8e50483f97244473d62dd09574e41c5ec54f3abb2ab8bea8	8de8f40290d0dc2f8e50483f97244473d62dd09574e41c5ec54f3abb2ab8bea8	
ERS5446109	NORW-EC802_CoronaHiT-Illumina		ERZ1691213	ERR4970107	NORW-EC802	Coronahit routine	FALSE		e3b0c44298fc1c149afbf4c8996fb92427ae41e4649b934ca495991b7852b855	8f8f1fe3e273aee651fcac4d696362fae008993caec1edb8f29878b3a9b79571	8f8f1fe3e273aee651fcac4d696362fae008993caec1edb8f29878b3a9b79571	
ERS5446105	NORW-EC85D_ARTIC_LoCost		ERZ1690841	ERR4969065	NORW-EC85D	Coronahit routine	FALSE		e3b0c44298fc1c149afbf4c8996fb92427ae41e4649b934ca495991b7852b855	62d32141e58b32429c349b29b9d5d1c6aa9dfa0f8c313d70c80cd7684e1add7b	62d32141e58b32429c349b29b9d5d1c6aa9dfa0f8c313d70c80cd7684e1add7b	
ERS5446105	NORW-EC85D_CoronaHiT-ONT		ERZ1690748	ERR4968962	NORW-EC85D	Coronahit routine	FALSE		e3b0c44298fc1c149afbf4c8996fb92427ae41e4649b934ca495991b7852b855	007223f43b7294e15cb28b7f1f554d8465e82650cb6386e7def5c927e96ea0a4	007223f43b7294e15cb28b7f1f554d8465e82650cb6386e7def5c927e96ea0a4	
ERS5446105	NORW-EC85D_CoronaHiT-Illumina		ERZ1691203	ERR4970097	NORW-EC85D	Coronahit routine	FALSE		e3b0c44298fc1c149afbf4c8996fb92427ae41e4649b934ca495991b7852b855	4a650c7e408730391243e63403edba844b2a67ec5ae4378e576ad4bdd11a3568	4a650c7e408730391243e63403edba844b2a67ec5ae4378e576ad4bdd11a3568	
ERS5446067	NORW-EC87B_ARTIC_LoCost		ERZ1690862	ERR4969086	NORW-EC87B	Coronahit routine	FALSE		e3b0c44298fc1c149afbf4c8996fb92427ae41e4649b934ca495991b7852b855	d83fab48e08408623de532c13f6185bc0a89fb8e3f26fc003bd3420397df567d	d83fab48e08408623de532c13f6185bc0a89fb8e3f26fc003bd3420397df567d	
ERS5446067	NORW-EC87B_CoronaHiT-ONT		ERZ1690762	ERR4968980	NORW-EC87B	Coronahit routine	FALSE		e3b0c44298fc1c149afbf4c8996fb92427ae41e4649b934ca495991b7852b855	97504750ab81c906bae02cfbfbeb991411dd8bfed5760c55e1f009acaababdd0	97504750ab81c906bae02cfbfbeb991411dd8bfed5760c55e1f009acaababdd0	
ERS5446067	NORW-EC87B_CoronaHiT-Illumina		ERZ1691170	ERR4970064	NORW-EC87B	Coronahit routine	FALSE		e3b0c44298fc1c149afbf4c8996fb92427ae41e4649b934ca495991b7852b855	c3da92d6a3eb135c8426d9e2e284623c6059b0b481b7eb0b4367afb4d252ccdf	c3da92d6a3eb135c8426d9e2e284623c6059b0b481b7eb0b4367afb4d252ccdf	
ERS5446053	NORW-EC899_ARTIC_LoCost		ERZ1690863	ERR4969087	NORW-EC899	Coronahit routine	FALSE		e3b0c44298fc1c149afbf4c8996fb92427ae41e4649b934ca495991b7852b855	841382126f6c03d2409f2d2da48c7f86f6986b46cc2fe3a8d8f0bb2954f217ee	841382126f6c03d2409f2d2da48c7f86f6986b46cc2fe3a8d8f0bb2954f217ee	
ERS5446053	NORW-EC899_CoronaHiT-ONT		ERZ1690760	ERR4968978	NORW-EC899	Coronahit routine	FALSE		e3b0c44298fc1c149afbf4c8996fb92427ae41e4649b934ca495991b7852b855	aa38b5c3a3201d331e836696b258eb995fd4b9bb18d5be8270e9f8152923e2ef	aa38b5c3a3201d331e836696b258eb995fd4b9bb18d5be8270e9f8152923e2ef	
ERS5446053	NORW-EC899_CoronaHiT-Illumina		ERZ1691181	ERR4970075	NORW-EC899	Coronahit routine	FALSE		e3b0c44298fc1c149afbf4c8996fb92427ae41e4649b934ca495991b7852b855	7b9a700d2a4d21b16f6d04456f8ffa29ca88f984bc2d17dcd0ade5d1664c06e5	7b9a700d2a4d21b16f6d04456f8ffa29ca88f984bc2d17dcd0ade5d1664c06e5	
ERS5446057	NORW-EC8B7_ARTIC_LoCost		ERZ1690880	ERR4969104	NORW-EC8B7	Coronahit routine	FALSE		e3b0c44298fc1c149afbf4c8996fb92427ae41e4649b934ca495991b7852b855	0899ec4fc09736141fb37d50e06fa217ba4c9115292e69192b17951918e63b87	0899ec4fc09736141fb37d50e06fa217ba4c9115292e69192b17951918e63b87	
ERS5446057	NORW-EC8B7_CoronaHiT-ONT		ERZ1690799	ERR4969017	NORW-EC8B7	Coronahit routine	FALSE		e3b0c44298fc1c149afbf4c8996fb92427ae41e4649b934ca495991b7852b855	32add473727404506002be7c6d1701b547e38f3a3e758246d985a6c466624ac4	32add473727404506002be7c6d1701b547e38f3a3e758246d985a6c466624ac4	
ERS5446057	NORW-EC8B7_CoronaHiT-Illumina		ERZ1691180	ERR4970074	NORW-EC8B7	Coronahit routine	FALSE		e3b0c44298fc1c149afbf4c8996fb92427ae41e4649b934ca495991b7852b855	31effbb89148ab03d7faad45bc977de14e42d9ebbfa2fef1f8848de0a77e5c75	31effbb89148ab03d7faad45bc977de14e42d9ebbfa2fef1f8848de0a77e5c75	
ERS5446128	NORW-EC8C6_ARTIC_LoCost		ERZ1690871	ERR4969095	NORW-EC8C6	Coronahit routine	FALSE		e3b0c44298fc1c149afbf4c8996fb92427ae41e4649b934ca495991b7852b855	c4a5c6e871e234496e77ce2a0ad833767bd19e03ae4fb1f95a0b7ca344151f13	c4a5c6e871e234496e77ce2a0ad833767bd19e03ae4fb1f95a0b7ca344151f13	
ERS5446128	NORW-EC8C6_CoronaHiT-ONT		ERZ1690755	ERR4968973	NORW-EC8C6	Coronahit routine	FALSE		e3b0c44298fc1c149afbf4c8996fb92427ae41e4649b934ca495991b7852b855	c4a4d278baec25e7bd2c303a3b8b536375325dd97e9a5ae7ff4716ccee55c948	c4a4d278baec25e7bd2c303a3b8b536375325dd97e9a5ae7ff4716ccee55c948	
ERS5446128	NORW-EC8C6_CoronaHiT-Illumina		ERZ1691172	ERR4970066	NORW-EC8C6	Coronahit routine	FALSE		e3b0c44298fc1c149afbf4c8996fb92427ae41e4649b934ca495991b7852b855	9b812055d5c444d61551fe25c5a97065f92938465c2d40c12fd800b41bf8ed9e	9b812055d5c444d61551fe25c5a97065f92938465c2d40c12fd800b41bf8ed9e	
ERS5446063	NORW-EC8E4_ARTIC_LoCost		ERZ1690887	ERR4969111	NORW-EC8E4	Coronahit routine	FALSE		e3b0c44298fc1c149afbf4c8996fb92427ae41e4649b934ca495991b7852b855	15d3bbf14c29e930ed08c2e0cd8509d7ce74e46e0df63052a969ef406774699f	15d3bbf14c29e930ed08c2e0cd8509d7ce74e46e0df63052a969ef406774699f	
ERS5446063	NORW-EC8E4_CoronaHiT-ONT		ERZ1690784	ERR4969002	NORW-EC8E4	Coronahit routine	FALSE		e3b0c44298fc1c149afbf4c8996fb92427ae41e4649b934ca495991b7852b855	30732135cb04c957e356c32ac3f25fdae6121fbc6df7027fe140fbf600dec696	30732135cb04c957e356c32ac3f25fdae6121fbc6df7027fe140fbf600dec696	
ERS5446063	NORW-EC8E4_CoronaHiT-Illumina		ERZ1691169	ERR4970063	NORW-EC8E4	Coronahit routine	FALSE		e3b0c44298fc1c149afbf4c8996fb92427ae41e4649b934ca495991b7852b855	bfc4f683bff0dfed93fc0f96871e2c813a6db08b4823894e4dc33d19bf122c02	bfc4f683bff0dfed93fc0f96871e2c813a6db08b4823894e4dc33d19bf122c02	
