Organism	SARS-CoV-2										
Outbreak	Coronahit_rapid										
pmid	doi://10.1101/2020.06.24.162156										
tree	https://raw.githubusercontent.com/globalmicrobialidentifier-WG3/datasets/master/datasets/trees/sars-cov-2-coronahit-rapid.dnd										
source	Nabil-Fareed_Alikhan										
dataType	resequencing_consistency_check										
											
biosample_acc	strain	genBankAssembly	nucleotide	SRArun_acc	outbreak	dataSetName	suggestedReference	sha256sumAssembly	sha256sumnucleotide	sha256sumRead1	sha256sumRead2
ERS5446179	NORW-EEEFF_ARTIC_LoCost		ERZ1691090	ERR4969382	NORW-EEEFF 	Coronahit_rapid	FALSE		e3b0c44298fc1c149afbf4c8996fb92427ae41e4649b934ca495991b7852b855	7f554b42b0c623ed9ad10e1f22a1b84231363efb17bff1899e5fa3b2c53b95ad	e3b0c44298fc1c149afbf4c8996fb92427ae41e4649b934ca495991b7852b855
ERS5446179	NORW-EEEFF_CoronaHiT-ONT		ERZ1691033	ERR4969321	NORW-EEEFF 	Coronahit_rapid	FALSE		e3b0c44298fc1c149afbf4c8996fb92427ae41e4649b934ca495991b7852b855	e8308ad391800612caeb2178831293f40ef2d44837fd8e2d0e539032640d110a	e3b0c44298fc1c149afbf4c8996fb92427ae41e4649b934ca495991b7852b855
ERS5446179	NORW-EEEFF_CoronaHiT-Illumina		ERZ1691157	ERR4970051	NORW-EEEFF 	Coronahit_rapid	FALSE		e3b0c44298fc1c149afbf4c8996fb92427ae41e4649b934ca495991b7852b855	99e09f4f8d86fa27103c306292dcdc66ac68395b3cf5de838b6c3f94444dd1e1	b839f735f1aeca66b51087e19ecbae58e7748ad545b10211870ff079375858ed
ERS5446148	NORW-EF23E_ARTIC_LoCost		ERZ1691123	ERR4969439	NORW-EF23E 	Coronahit_rapid	FALSE		e3b0c44298fc1c149afbf4c8996fb92427ae41e4649b934ca495991b7852b855	c25bc3fcc93e70b4ebc68933bb9043825f97fcd47ad0b67104af032759cf1d36	e3b0c44298fc1c149afbf4c8996fb92427ae41e4649b934ca495991b7852b855
ERS5446148	NORW-EF23E_CoronaHiT-ONT		ERZ1691040	ERR4969328	NORW-EF23E 	Coronahit_rapid	FALSE		e3b0c44298fc1c149afbf4c8996fb92427ae41e4649b934ca495991b7852b855	907757c9aa8e50f592ed866e232d62a1f96ed8bb410291a866a5a76592e0032d	e3b0c44298fc1c149afbf4c8996fb92427ae41e4649b934ca495991b7852b855
ERS5446148	NORW-EF23E_CoronaHiT-Illumina		ERZ1691001	ERR4969193	NORW-EF23E 	Coronahit_rapid	FALSE		e3b0c44298fc1c149afbf4c8996fb92427ae41e4649b934ca495991b7852b855	5fa21290b16fa1a2d485e9dcf1f333b367ca9f50da7ceb998a186fd042a01d98	1e30f35f85d03a68142541e1598e74bfe9a88d7ae4f05159d4f4b1f9bf44be78
ERS5446169	NORW-EF91B_ARTIC_LoCost		ERZ1691117	ERR4969433	NORW-EF91B 	Coronahit_rapid	FALSE		e3b0c44298fc1c149afbf4c8996fb92427ae41e4649b934ca495991b7852b855	bd2e837fc72c2e30b2e3fe1ffc7224efcc3eaff1ea479b8372183a7ec57fdd9d	e3b0c44298fc1c149afbf4c8996fb92427ae41e4649b934ca495991b7852b855
ERS5446169	NORW-EF91B_CoronaHiT-ONT		ERZ1691052	ERR4969340	NORW-EF91B 	Coronahit_rapid	FALSE		e3b0c44298fc1c149afbf4c8996fb92427ae41e4649b934ca495991b7852b855	d58ce35435a944a5cc3f5ccd432b04f31e0a9dd25e0cb1621b60c26b14d77fed	e3b0c44298fc1c149afbf4c8996fb92427ae41e4649b934ca495991b7852b855
ERS5446169	NORW-EF91B_CoronaHiT-Illumina		ERZ1691159	ERR4970053	NORW-EF91B 	Coronahit_rapid	FALSE		e3b0c44298fc1c149afbf4c8996fb92427ae41e4649b934ca495991b7852b855	dcc8fc18568fa5368abeefa857bc3d2e71f7c3496f108463f64d4c0cde07fc43	45f0a69680b5ad8308dd1753e17dea4c218b11a724b911763df9007a9f7ef8c0
ERS5446191	NORW-EF939_ARTIC_LoCost		ERZ1691087	ERR4969379	NORW-EF939 	Coronahit_rapid	FALSE		e3b0c44298fc1c149afbf4c8996fb92427ae41e4649b934ca495991b7852b855	87ec8ef09ec435681a13296952afa06fc06bbc00b7bba5dfcac51740a2ef14d4	e3b0c44298fc1c149afbf4c8996fb92427ae41e4649b934ca495991b7852b855
ERS5446191	NORW-EF939_CoronaHiT-ONT		ERZ1691056	ERR4969344	NORW-EF939 	Coronahit_rapid	FALSE		e3b0c44298fc1c149afbf4c8996fb92427ae41e4649b934ca495991b7852b855	6e0f641ce45ef4c6e4af02eae79f71b214973933c1ef7135f4b25dc838425110	e3b0c44298fc1c149afbf4c8996fb92427ae41e4649b934ca495991b7852b855
ERS5446191	NORW-EF939_CoronaHiT-Illumina		ERZ1691161	ERR4970055	NORW-EF939 	Coronahit_rapid	FALSE		e3b0c44298fc1c149afbf4c8996fb92427ae41e4649b934ca495991b7852b855	c87c8c5ef8b7472748c81e375776a9d7503549208169f277820951cf239ed208	1f35847cc54f6fb3acef6b71da6f8dadc32154b8a8bee8a0c485d07fb1ae2d4e
ERS5446173	NORW-EFD6A_ARTIC_LoCost		ERZ1691101	ERR4969393	NORW-EFD6A 	Coronahit_rapid	FALSE		e3b0c44298fc1c149afbf4c8996fb92427ae41e4649b934ca495991b7852b855	8d9fb87eb9d01b5c2786a1f76f559dfda17eb8db5e9e64eb0a91950fb63942c1	e3b0c44298fc1c149afbf4c8996fb92427ae41e4649b934ca495991b7852b855
ERS5446173	NORW-EFD6A_CoronaHiT-ONT		ERZ1691050	ERR4969338	NORW-EFD6A 	Coronahit_rapid	FALSE		e3b0c44298fc1c149afbf4c8996fb92427ae41e4649b934ca495991b7852b855	b3cf1f1a1982ea43e03c4febea64d27386763848dd05a09c519ad166b661c546	e3b0c44298fc1c149afbf4c8996fb92427ae41e4649b934ca495991b7852b855
ERS5446173	NORW-EFD6A_CoronaHiT-Illumina		ERZ1691137	ERR4969997	NORW-EFD6A 	Coronahit_rapid	FALSE		e3b0c44298fc1c149afbf4c8996fb92427ae41e4649b934ca495991b7852b855	92d746a2d2eed2d9ec9d5b73257e3f7495de7bec968d7bab58d62f4141a3c795	e322b0b12e2473501e3d7986461658c42ff05d4ccbc81a1c12dad057bfb644bd
ERS5446195	NORW-EFD88_ARTIC_LoCost		ERZ1691102	ERR4969394	NORW-EFD88 	Coronahit_rapid	FALSE		e3b0c44298fc1c149afbf4c8996fb92427ae41e4649b934ca495991b7852b855	f8ee5e3f237fbdf4dccf1b241369fe5490a17612bdfd4a2143de98c47536fdc6	e3b0c44298fc1c149afbf4c8996fb92427ae41e4649b934ca495991b7852b855
ERS5446195	NORW-EFD88_CoronaHiT-ONT		ERZ1691029	ERR4969317	NORW-EFD88 	Coronahit_rapid	FALSE		e3b0c44298fc1c149afbf4c8996fb92427ae41e4649b934ca495991b7852b855	363e6e6fe71e1b2085b6c37177fb6ee359d7c8df35566032d3c78a539356af4a	e3b0c44298fc1c149afbf4c8996fb92427ae41e4649b934ca495991b7852b855
ERS5446195	NORW-EFD88_CoronaHiT-Illumina		ERZ1691006	ERR4969198	NORW-EFD88 	Coronahit_rapid	FALSE		e3b0c44298fc1c149afbf4c8996fb92427ae41e4649b934ca495991b7852b855	6de38da01532e893c30ea3fd48e4646a9215d0f9378ae807b11db752c525fdaa	019a237d8b406fff1ec481b6e21bb9862915ce14d33b1473b039796f0fe455a8
ERS5446159	NORW-EFD97_ARTIC_LoCost		ERZ1691118	ERR4969434	NORW-EFD97 	Coronahit_rapid	FALSE		e3b0c44298fc1c149afbf4c8996fb92427ae41e4649b934ca495991b7852b855	91e91dc6cab9e0ef97ea611f8e4ab01c4788a28f122381186093c594d1c8100a	e3b0c44298fc1c149afbf4c8996fb92427ae41e4649b934ca495991b7852b855
ERS5446159	NORW-EFD97_CoronaHiT-ONT		ERZ1691059	ERR4969347	NORW-EFD97 	Coronahit_rapid	FALSE		e3b0c44298fc1c149afbf4c8996fb92427ae41e4649b934ca495991b7852b855	271cf8de807c8549747503d0b72c56a54e05934a1d590d1723d8d767377b0acb	e3b0c44298fc1c149afbf4c8996fb92427ae41e4649b934ca495991b7852b855
ERS5446159	NORW-EFD97_CoronaHiT-Illumina		ERZ1691009	ERR4969201	NORW-EFD97 	Coronahit_rapid	FALSE		e3b0c44298fc1c149afbf4c8996fb92427ae41e4649b934ca495991b7852b855	57416c0f6e94e8c3eee6c34230fae038f2aef4f30014799e947c4b59bc6264f0	238f47af2dad77b32ce4d72d6531cf161b98ff984d5f92222360dbb6023f5d52
ERS5446166	NORW-EFDC4_ARTIC_LoCost		ERZ1691107	ERR4969399	NORW-EFDC4 	Coronahit_rapid	FALSE		e3b0c44298fc1c149afbf4c8996fb92427ae41e4649b934ca495991b7852b855	f80af75d6435c046edae204c936c7ab4a14302ce8ff93c90763e9cd59387a05e	e3b0c44298fc1c149afbf4c8996fb92427ae41e4649b934ca495991b7852b855
ERS5446166	NORW-EFDC4_CoronaHiT-ONT		ERZ1691051	ERR4969339	NORW-EFDC4 	Coronahit_rapid	FALSE		e3b0c44298fc1c149afbf4c8996fb92427ae41e4649b934ca495991b7852b855	3a7da14de0f3adb1969fa1e863a77840732abb62caf06bd5131973695f4329f1	e3b0c44298fc1c149afbf4c8996fb92427ae41e4649b934ca495991b7852b855
ERS5446166	NORW-EFDC4_CoronaHiT-Illumina		ERZ1690999	ERR4969191	NORW-EFDC4 	Coronahit_rapid	FALSE		e3b0c44298fc1c149afbf4c8996fb92427ae41e4649b934ca495991b7852b855	041924604159bb0fa6d13ce8a995d3ee799355d6b95d644d39b5239bedd8c1e1	2ea3623478d1718381123a01377de55a2f6867267399be4f2bcc777757ec0852
ERS5446161	NORW-EFDD3_ARTIC_LoCost		ERZ1691104	ERR4969396	NORW-EFDD3 	Coronahit_rapid	FALSE		e3b0c44298fc1c149afbf4c8996fb92427ae41e4649b934ca495991b7852b855	f20f9b1489d8c028ed52a009ca654eb27cccb63f5f28ae2f19e362b139850c42	e3b0c44298fc1c149afbf4c8996fb92427ae41e4649b934ca495991b7852b855
ERS5446161	NORW-EFDD3_CoronaHiT-ONT		ERZ1691048	ERR4969336	NORW-EFDD3 	Coronahit_rapid	FALSE		e3b0c44298fc1c149afbf4c8996fb92427ae41e4649b934ca495991b7852b855	d0d40464dd1578953e5b63d5d76c4acaaaf1c5c5c9e9018acf1fbb88edf40575	e3b0c44298fc1c149afbf4c8996fb92427ae41e4649b934ca495991b7852b855
ERS5446161	NORW-EFDD3_CoronaHiT-Illumina		ERZ1691148	ERR4970008	NORW-EFDD3 	Coronahit_rapid	FALSE		e3b0c44298fc1c149afbf4c8996fb92427ae41e4649b934ca495991b7852b855	d21421fa5f7500cbc061b9a7729893d0211eba66ee86155edcadc3851b919b7c	bc5823ce2577333775ad0bb4588d0cf773de5ada23252d8f1bc524ebaa403b5a
ERS5446187	NORW-EFDE2_ARTIC_LoCost		ERZ1691120	ERR4969436	NORW-EFDE2 	Coronahit_rapid	FALSE		e3b0c44298fc1c149afbf4c8996fb92427ae41e4649b934ca495991b7852b855	11128f0575b190857243163720ebfd19949264c067ede60a03c9b458b0cb26d0	e3b0c44298fc1c149afbf4c8996fb92427ae41e4649b934ca495991b7852b855
ERS5446187	NORW-EFDE2_CoronaHiT-ONT		ERZ1691041	ERR4969329	NORW-EFDE2 	Coronahit_rapid	FALSE		e3b0c44298fc1c149afbf4c8996fb92427ae41e4649b934ca495991b7852b855	ee11e0617f03c0dce9d499dd91fad055054bb094dd41180f404d30a9fddc9747	e3b0c44298fc1c149afbf4c8996fb92427ae41e4649b934ca495991b7852b855
ERS5446187	NORW-EFDE2_CoronaHiT-Illumina		ERZ1691155	ERR4970049	NORW-EFDE2 	Coronahit_rapid	FALSE		e3b0c44298fc1c149afbf4c8996fb92427ae41e4649b934ca495991b7852b855	3182529140eb229d0284221c49244b49eec4bf5e52b96f2a0ceb321d325a2aaf	4f0ea2f9d8f94a7acef9607003a20862e8648c858008c0ed200f8ba211a6e254
ERS5446175	NORW-EFE1C_ARTIC_LoCost		ERZ1691098	ERR4969390	NORW-EFE1C 	Coronahit_rapid	FALSE		e3b0c44298fc1c149afbf4c8996fb92427ae41e4649b934ca495991b7852b855	e785d46eb439e19b7b91b82aa5df4016a79d75399b39e3d7eb8ae8ee6f210a72	e3b0c44298fc1c149afbf4c8996fb92427ae41e4649b934ca495991b7852b855
ERS5446175	NORW-EFE1C_CoronaHiT-ONT		ERZ1691039	ERR4969327	NORW-EFE1C 	Coronahit_rapid	FALSE		e3b0c44298fc1c149afbf4c8996fb92427ae41e4649b934ca495991b7852b855	60d3e2d44b4448d0fdd36646af16427f5b6773245dfcaaf6a56789dd67310a25	e3b0c44298fc1c149afbf4c8996fb92427ae41e4649b934ca495991b7852b855
ERS5446175	NORW-EFE1C_CoronaHiT-Illumina		ERZ1691146	ERR4970006	NORW-EFE1C 	Coronahit_rapid	FALSE		e3b0c44298fc1c149afbf4c8996fb92427ae41e4649b934ca495991b7852b855	b9422290d218bcf3d3d6682260d179e133264bd501d7b3ff54b03568e3046c87	94933360465ef600e3244f2d082bf62c747494f4b260dd7550926c45ef3ef093
ERS5446164	NORW-EFE58_ARTIC_LoCost		ERZ1691095	ERR4969387	NORW-EFE58 	Coronahit_rapid	FALSE		e3b0c44298fc1c149afbf4c8996fb92427ae41e4649b934ca495991b7852b855	40628da76360364ad5f1ce60e7074863b89cfad4256a6b965d681a57235f3f93	e3b0c44298fc1c149afbf4c8996fb92427ae41e4649b934ca495991b7852b855
ERS5446164	NORW-EFE58_CoronaHiT-ONT		ERZ1691042	ERR4969330	NORW-EFE58 	Coronahit_rapid	FALSE		e3b0c44298fc1c149afbf4c8996fb92427ae41e4649b934ca495991b7852b855	c9d32b5595c5bf74d1e779349ebde51ec0829a3c3eaf8713c83d6e0fd09d8b4b	e3b0c44298fc1c149afbf4c8996fb92427ae41e4649b934ca495991b7852b855
ERS5446164	NORW-EFE58_CoronaHiT-Illumina		ERZ1691149	ERR4970009	NORW-EFE58 	Coronahit_rapid	FALSE		e3b0c44298fc1c149afbf4c8996fb92427ae41e4649b934ca495991b7852b855	bda4c1fddc67347747be4c753c0f96fde2e055818196d981133ee59558a2c740	63725366ea65e9a91cdc582793545811b4d335399373525c5f8aaa87b6573f97
ERS5446167	NORW-EFE76_ARTIC_LoCost		ERZ1691089	ERR4969381	NORW-EFE76 	Coronahit_rapid	FALSE		e3b0c44298fc1c149afbf4c8996fb92427ae41e4649b934ca495991b7852b855	62f22dd1709d623949e7fb73ff2d5ac3d5bd18f8b7f694adbc6b92f7e72d61a3	e3b0c44298fc1c149afbf4c8996fb92427ae41e4649b934ca495991b7852b855
ERS5446167	NORW-EFE76_CoronaHiT-ONT		ERZ1691066	ERR4969354	NORW-EFE76 	Coronahit_rapid	FALSE		e3b0c44298fc1c149afbf4c8996fb92427ae41e4649b934ca495991b7852b855	a915c38bbe2cf0d92bd85e13f0ea19a8b8f0ffb1698bf3794820c3637ee4d5ea	e3b0c44298fc1c149afbf4c8996fb92427ae41e4649b934ca495991b7852b855
ERS5446167	NORW-EFE76_CoronaHiT-Illumina		ERZ1691139	ERR4969999	NORW-EFE76 	Coronahit_rapid	FALSE		e3b0c44298fc1c149afbf4c8996fb92427ae41e4649b934ca495991b7852b855	1e5f5a523eb9ba968b738c98c82d786c1bd3dfa48ea8f95c9d9bc9fc9014baa5	813450662205328fcbab5630885fbf7af3ff033bf0373e4467baa44b8e612616
ERS5446165	NORW-EFE85_ARTIC_LoCost		ERZ1691124	ERR4969440	NORW-EFE85 	Coronahit_rapid	FALSE		e3b0c44298fc1c149afbf4c8996fb92427ae41e4649b934ca495991b7852b855	a437053b5661ff8c95f888447d6728675aee75625be7b2f6be75745de649502b	e3b0c44298fc1c149afbf4c8996fb92427ae41e4649b934ca495991b7852b855
ERS5446165	NORW-EFE85_CoronaHiT-ONT		ERZ1691038	ERR4969326	NORW-EFE85 	Coronahit_rapid	FALSE		e3b0c44298fc1c149afbf4c8996fb92427ae41e4649b934ca495991b7852b855	d03ca83902bccbbc44ef2b3701724e44d025a0ae21bb16813a216f8ed75822db	e3b0c44298fc1c149afbf4c8996fb92427ae41e4649b934ca495991b7852b855
ERS5446165	NORW-EFE85_CoronaHiT-Illumina		ERZ1691135	ERR4969995	NORW-EFE85 	Coronahit_rapid	FALSE		e3b0c44298fc1c149afbf4c8996fb92427ae41e4649b934ca495991b7852b855	53a173c6a0ac4c8b93b0f70ccdef57527d05e1fd21e7279030800ef5e900a820	1053cdc01c4d45708581ccfbdabbf17311e406eb7668ca81b95ab4291046f05e
ERS5446176	NORW-EFEA3_ARTIC_LoCost		ERZ1691093	ERR4969385	NORW-EFEA3 	Coronahit_rapid	FALSE		e3b0c44298fc1c149afbf4c8996fb92427ae41e4649b934ca495991b7852b855	04ad96969a8e10fa8d3351c10d4c25993c97a62cf7409ca10339cf78b0b761b8	e3b0c44298fc1c149afbf4c8996fb92427ae41e4649b934ca495991b7852b855
ERS5446176	NORW-EFEA3_CoronaHiT-ONT		ERZ1691046	ERR4969334	NORW-EFEA3 	Coronahit_rapid	FALSE		e3b0c44298fc1c149afbf4c8996fb92427ae41e4649b934ca495991b7852b855	e1336f4e7b4eda11c8c8425fdd4f99ceae6c23a58bbb5503018e81bf3493342d	e3b0c44298fc1c149afbf4c8996fb92427ae41e4649b934ca495991b7852b855
ERS5446176	NORW-EFEA3_CoronaHiT-Illumina		ERZ1691147	ERR4970007	NORW-EFEA3 	Coronahit_rapid	FALSE		e3b0c44298fc1c149afbf4c8996fb92427ae41e4649b934ca495991b7852b855	b4c94a0aac9d4fce576b8b5e8e59c46fdcabb819daa24f9da6967a8c4db79bfa	6a1691970007c6c6dd80124e3b834c528707d0c1922e0ad00ed4fb9d245a2d06
ERS5446150	NORW-EFEB2_ARTIC_LoCost		ERZ1691094	ERR4969386	NORW-EFEB2 	Coronahit_rapid	FALSE		e3b0c44298fc1c149afbf4c8996fb92427ae41e4649b934ca495991b7852b855	e420d33fb78751c46b021b6a6d59eb2dfc3ee5a71adfff36260a3c24c02174fe	e3b0c44298fc1c149afbf4c8996fb92427ae41e4649b934ca495991b7852b855
ERS5446150	NORW-EFEB2_CoronaHiT-ONT		ERZ1691063	ERR4969351	NORW-EFEB2 	Coronahit_rapid	FALSE		e3b0c44298fc1c149afbf4c8996fb92427ae41e4649b934ca495991b7852b855	51249e62425cbd630d2a4729b6a3db749cf066113f3ee5e5606f717c0a83446c	e3b0c44298fc1c149afbf4c8996fb92427ae41e4649b934ca495991b7852b855
ERS5446150	NORW-EFEB2_CoronaHiT-Illumina		ERZ1691142	ERR4970002	NORW-EFEB2 	Coronahit_rapid	FALSE		e3b0c44298fc1c149afbf4c8996fb92427ae41e4649b934ca495991b7852b855	ff0339d92bee975a23fb574e658ad4f890abdfe5f7e81cf995c75be7f1accc53	486cbb95aafb18f6ebe6fb0464a3c8c21d1551c8711c2c33cb1f84613d268b95
ERS5446180	NORW-EFF55_ARTIC_LoCost		ERZ1691083	ERR4969375	NORW-EFF55 	Coronahit_rapid	FALSE		e3b0c44298fc1c149afbf4c8996fb92427ae41e4649b934ca495991b7852b855	4cf0720d68bde66d3b2aba248f0ed999c6891351b5b7a4834b33697b437d09ba	e3b0c44298fc1c149afbf4c8996fb92427ae41e4649b934ca495991b7852b855
ERS5446180	NORW-EFF55_CoronaHiT-ONT		ERZ1691070	ERR4969358	NORW-EFF55 	Coronahit_rapid	FALSE		e3b0c44298fc1c149afbf4c8996fb92427ae41e4649b934ca495991b7852b855	c567482c87f89ab976f765384454cb4ecd4a53a875f4e937e69a5975f80a7e0c	e3b0c44298fc1c149afbf4c8996fb92427ae41e4649b934ca495991b7852b855
ERS5446180	NORW-EFF55_CoronaHiT-Illumina		ERZ1691004	ERR4969196	NORW-EFF55 	Coronahit_rapid	FALSE		e3b0c44298fc1c149afbf4c8996fb92427ae41e4649b934ca495991b7852b855	8776ef032455a4b4f85a2d82850f255a4202ad8f9f60fc19dbe4ddaa6432f4db	442da59555a502eba3a70d822faccdc00864ec90d4f24fd6ac9c5f7b37141bc4
ERS5446149	NORW-EFF82_ARTIC_LoCost		ERZ1691097	ERR4969389	NORW-EFF82 	Coronahit_rapid	FALSE		e3b0c44298fc1c149afbf4c8996fb92427ae41e4649b934ca495991b7852b855	d191a790bd8af4daa01c3852dc7ecbc4e232ea0dd32422c30c946a7584c3e47f	e3b0c44298fc1c149afbf4c8996fb92427ae41e4649b934ca495991b7852b855
ERS5446149	NORW-EFF82_CoronaHiT-ONT		ERZ1691068	ERR4969356	NORW-EFF82 	Coronahit_rapid	FALSE		e3b0c44298fc1c149afbf4c8996fb92427ae41e4649b934ca495991b7852b855	828819c683a512f375800e5e6769f5df44383df7b3bea0563742980bf11c3f5b	e3b0c44298fc1c149afbf4c8996fb92427ae41e4649b934ca495991b7852b855
ERS5446149	NORW-EFF82_CoronaHiT-Illumina		ERZ1691005	ERR4969197	NORW-EFF82 	Coronahit_rapid	FALSE		e3b0c44298fc1c149afbf4c8996fb92427ae41e4649b934ca495991b7852b855	d8e438576575816c3dba6523383b7c1fc0fd5be90bfd5ad0793f0030b5b2f354	988bbb36cf7ae15300cc5bb89afb361331507fd9ce141a812f040ebc34bec265
ERS5446163	NORW-EFFBF_ARTIC_LoCost		ERZ1691109	ERR4969401	NORW-EFFBF 	Coronahit_rapid	FALSE		e3b0c44298fc1c149afbf4c8996fb92427ae41e4649b934ca495991b7852b855	eddf3ec97f173f0bf12975172fc8c4ae16146cd5badcc3516bfb5f210d1eac18	e3b0c44298fc1c149afbf4c8996fb92427ae41e4649b934ca495991b7852b855
ERS5446163	NORW-EFFBF_CoronaHiT-ONT		ERZ1691036	ERR4969324	NORW-EFFBF 	Coronahit_rapid	FALSE		e3b0c44298fc1c149afbf4c8996fb92427ae41e4649b934ca495991b7852b855	cbbd35b806c6b2be737846bb06e8c4333e674bcf213e441f401f5e93874ddf1f	e3b0c44298fc1c149afbf4c8996fb92427ae41e4649b934ca495991b7852b855
ERS5446163	NORW-EFFBF_CoronaHiT-Illumina		ERZ1691152	ERR4970046	NORW-EFFBF 	Coronahit_rapid	FALSE		e3b0c44298fc1c149afbf4c8996fb92427ae41e4649b934ca495991b7852b855	c4b6768f641db95c859d6a22d198649279d31f2871168aec56b5db33c41ca64e	074f9b1a228c221544dd64be30bb54b848cdcc9079376f54001a5622c3124eb0
ERS5446192	NORW-F0452_ARTIC_LoCost		ERZ1691085	ERR4969377	NORW-F0452 	Coronahit_rapid	FALSE		e3b0c44298fc1c149afbf4c8996fb92427ae41e4649b934ca495991b7852b855	1b69624033749063bdadd188420f45dfef09951be6aac359f253acf2623103a8	e3b0c44298fc1c149afbf4c8996fb92427ae41e4649b934ca495991b7852b855
ERS5446192	NORW-F0452_CoronaHiT-ONT		ERZ1691067	ERR4969355	NORW-F0452 	Coronahit_rapid	FALSE		e3b0c44298fc1c149afbf4c8996fb92427ae41e4649b934ca495991b7852b855	d2de2dc9fcc0baf95159d3a1b385088adee450268106a99c05d073b459db96ea	e3b0c44298fc1c149afbf4c8996fb92427ae41e4649b934ca495991b7852b855
ERS5446192	NORW-F0452_CoronaHiT-Illumina		ERZ1691166	ERR4970060	NORW-F0452 	Coronahit_rapid	FALSE		e3b0c44298fc1c149afbf4c8996fb92427ae41e4649b934ca495991b7852b855	ac543ead338f0b8e9fd5015042f1152f342b869d2b73e7f87b32c4044f523aca	d0900f1a9d50087ae94a197b496178f76431a749d20d117cb33a75b1a948fb85
ERS5446157	NORW-F0461_ARTIC_LoCost		ERZ1691086	ERR4969378	NORW-F0461 	Coronahit_rapid	FALSE		e3b0c44298fc1c149afbf4c8996fb92427ae41e4649b934ca495991b7852b855	8745911f26c97d91fe0fa2adb203b01f0f34f50850c524c9b1fdd5fefa682b36	e3b0c44298fc1c149afbf4c8996fb92427ae41e4649b934ca495991b7852b855
ERS5446157	NORW-F0461_CoronaHiT-ONT		ERZ1691024	ERR4969312	NORW-F0461 	Coronahit_rapid	FALSE		e3b0c44298fc1c149afbf4c8996fb92427ae41e4649b934ca495991b7852b855	7b985ee2075f63fd06ea2f9fb84d36ece02afcd7980a26dbb859ee1c6df6ad51	e3b0c44298fc1c149afbf4c8996fb92427ae41e4649b934ca495991b7852b855
ERS5446157	NORW-F0461_CoronaHiT-Illumina		ERZ1691153	ERR4970047	NORW-F0461 	Coronahit_rapid	FALSE		e3b0c44298fc1c149afbf4c8996fb92427ae41e4649b934ca495991b7852b855	e5479602c13c305097174723c3e2c24aafe9a00de3b3d42d4c8d722be1c9c53c	4af90ae5a6ede11517195a0e4b46e78929b7bd9757fa99018908471cbafb1f8e
ERS5446182	NORW-F04BC_ARTIC_LoCost		ERZ1691096	ERR4969388	NORW-F04BC 	Coronahit_rapid	FALSE		e3b0c44298fc1c149afbf4c8996fb92427ae41e4649b934ca495991b7852b855	d8b170c9dfd2657d12875a016ba1124293e7fa4898e7ed1c0aa30c156b28fe58	e3b0c44298fc1c149afbf4c8996fb92427ae41e4649b934ca495991b7852b855
ERS5446182	NORW-F04BC_CoronaHiT-ONT		ERZ1691043	ERR4969331	NORW-F04BC 	Coronahit_rapid	FALSE		e3b0c44298fc1c149afbf4c8996fb92427ae41e4649b934ca495991b7852b855	a89cb4cd98356125a11447e626b18e4a45ef410f795a93f1ee0dc7ecd79c6cdb	e3b0c44298fc1c149afbf4c8996fb92427ae41e4649b934ca495991b7852b855
ERS5446182	NORW-F04BC_CoronaHiT-Illumina		ERZ1691164	ERR4970058	NORW-F04BC 	Coronahit_rapid	FALSE		e3b0c44298fc1c149afbf4c8996fb92427ae41e4649b934ca495991b7852b855	4d3ab651d0d5eaa11333f3be8caf4dc54de585a11f042ecb8b7624d9188f0613	195c6a64d3711240fe6ab1f99ef99353541dc5fa2a80e956c4d285cf16458767
ERS5446158	NORW-F04DA_ARTIC_LoCost		ERZ1691116	ERR4969432	NORW-F04DA 	Coronahit_rapid	FALSE		e3b0c44298fc1c149afbf4c8996fb92427ae41e4649b934ca495991b7852b855	b9a3835e3d225997589426fbf54dc75c4b7161e6f239863f2a3aeee2f6d31f7e	e3b0c44298fc1c149afbf4c8996fb92427ae41e4649b934ca495991b7852b855
ERS5446158	NORW-F04DA_CoronaHiT-ONT		ERZ1691069	ERR4969357	NORW-F04DA 	Coronahit_rapid	FALSE		e3b0c44298fc1c149afbf4c8996fb92427ae41e4649b934ca495991b7852b855	87473866190ad7ffec4b42fbb4c0f80316e5477b4cfc54565011327d01cdf5f9	e3b0c44298fc1c149afbf4c8996fb92427ae41e4649b934ca495991b7852b855
ERS5446158	NORW-F04DA_CoronaHiT-Illumina		ERZ1691008	ERR4969200	NORW-F04DA 	Coronahit_rapid	FALSE		e3b0c44298fc1c149afbf4c8996fb92427ae41e4649b934ca495991b7852b855	4ee8ac059c9ff0ba56251234ebe28bbeae8c607528587389becfdb6f10be2ecb	ad96e20322d57f4c67ba1cf3854b8e1962b263726e8dc03443b29478a92e4322
ERS5446193	NORW-F04F8_ARTIC_LoCost		ERZ1691082	ERR4969374	NORW-F04F8 	Coronahit_rapid	FALSE		e3b0c44298fc1c149afbf4c8996fb92427ae41e4649b934ca495991b7852b855	11c1b84ce5c85a2086652bc5231ca657707bb90c073cbc682eeed3bb26eca71d	e3b0c44298fc1c149afbf4c8996fb92427ae41e4649b934ca495991b7852b855
ERS5446193	NORW-F04F8_CoronaHiT-ONT		ERZ1691045	ERR4969333	NORW-F04F8 	Coronahit_rapid	FALSE		e3b0c44298fc1c149afbf4c8996fb92427ae41e4649b934ca495991b7852b855	a4ce113600518cf75b9849a5ecfa5325e8b464a48e3b2910f747578fe37987ab	e3b0c44298fc1c149afbf4c8996fb92427ae41e4649b934ca495991b7852b855
ERS5446193	NORW-F04F8_CoronaHiT-Illumina		ERZ1691167	ERR4970061	NORW-F04F8 	Coronahit_rapid	FALSE		e3b0c44298fc1c149afbf4c8996fb92427ae41e4649b934ca495991b7852b855	37d2213cd2b95522eb6b5b98696ae90b7812f4dbff5ea0c4065cfd6ea5775672	24e5b38c7c4c421ff5f0e6b6a5a5cb8712854c3cfa75d5fc36fa3fa5b166c920
ERS5446154	NORW-F0504_ARTIC_LoCost		ERZ1691081	ERR4969373	NORW-F0504 	Coronahit_rapid	FALSE		e3b0c44298fc1c149afbf4c8996fb92427ae41e4649b934ca495991b7852b855	17b02b056d95d1debcbcc7cdbf8c733ac261328a956f3f13460b88336c42300a	e3b0c44298fc1c149afbf4c8996fb92427ae41e4649b934ca495991b7852b855
ERS5446154	NORW-F0504_CoronaHiT-ONT		ERZ1691027	ERR4969315	NORW-F0504 	Coronahit_rapid	FALSE		e3b0c44298fc1c149afbf4c8996fb92427ae41e4649b934ca495991b7852b855	c4fc8033050be5b31b20a8d9dc6e1df19e174d938389b0a863940a68935637ae	e3b0c44298fc1c149afbf4c8996fb92427ae41e4649b934ca495991b7852b855
ERS5446154	NORW-F0504_CoronaHiT-Illumina		ERZ1691000	ERR4969192	NORW-F0504 	Coronahit_rapid	FALSE		e3b0c44298fc1c149afbf4c8996fb92427ae41e4649b934ca495991b7852b855	8cf4cd9b0b2881b84184a9e4f77a4d8cdb66f0af7bec422625b9024de0698985	9f235cd5c6bfa94d21920e86c766942cb0c4ce9c92cf75d239cf36d46deaf941
ERS5446153	NORW-F0513_ARTIC_LoCost		ERZ1691088	ERR4969380	NORW-F0513 	Coronahit_rapid	FALSE		e3b0c44298fc1c149afbf4c8996fb92427ae41e4649b934ca495991b7852b855	2d331d5649be4cabb4c4e77b323d3efed058eb18ebb6cac9602ec41f4f1fd968	e3b0c44298fc1c149afbf4c8996fb92427ae41e4649b934ca495991b7852b855
ERS5446153	NORW-F0513_CoronaHiT-ONT		ERZ1691047	ERR4969335	NORW-F0513 	Coronahit_rapid	FALSE		e3b0c44298fc1c149afbf4c8996fb92427ae41e4649b934ca495991b7852b855	cefea9e2683a1b5754e8ab0f0fa097e029adfd676da01a0c211a498a54b3e7f1	e3b0c44298fc1c149afbf4c8996fb92427ae41e4649b934ca495991b7852b855
ERS5446153	NORW-F0513_CoronaHiT-Illumina		ERZ1691138	ERR4969998	NORW-F0513 	Coronahit_rapid	FALSE		e3b0c44298fc1c149afbf4c8996fb92427ae41e4649b934ca495991b7852b855	6b8743bf2b53253d53f0efd6158450286fa4480aa4ea3e335d0c9cca51950500	e31dbefd792bcb963d77c980523470adf65043b49a704c77a46ac8751902076c
ERS5446186	NORW-F05F5_ARTIC_LoCost		ERZ1691113	ERR4969429	NORW-F05F5 	Coronahit_rapid	FALSE		e3b0c44298fc1c149afbf4c8996fb92427ae41e4649b934ca495991b7852b855	db9527b2a1ab1c283e220cc999a1637a11870d676983b11825009c08e4c4bc93	e3b0c44298fc1c149afbf4c8996fb92427ae41e4649b934ca495991b7852b855
ERS5446186	NORW-F05F5_CoronaHiT-ONT		ERZ1691034	ERR4969322	NORW-F05F5 	Coronahit_rapid	FALSE		e3b0c44298fc1c149afbf4c8996fb92427ae41e4649b934ca495991b7852b855	eec62d3d53b5860b82bc5e7c498d767b8c412d19ea2167c18e3162f440c0890e	e3b0c44298fc1c149afbf4c8996fb92427ae41e4649b934ca495991b7852b855
ERS5446186	NORW-F05F5_CoronaHiT-Illumina		ERZ1691162	ERR4970056	NORW-F05F5 	Coronahit_rapid	FALSE		e3b0c44298fc1c149afbf4c8996fb92427ae41e4649b934ca495991b7852b855	6f6751d82139144b43e047e2571c58c4dfaf25f5cf9ec4618e40a2864fd7e787	deb52e6d99099f8254c91c56fa2b80693961b5bc3bd536faf028a0e523f81446
ERS5446178	NORW-F067A_ARTIC_LoCost		ERZ1691084	ERR4969376	NORW-F067A 	Coronahit_rapid	FALSE		e3b0c44298fc1c149afbf4c8996fb92427ae41e4649b934ca495991b7852b855	e1955062e39fe2e5be95368241112f39c9020aad96d8adddfacb0c99ae0aaa5d	e3b0c44298fc1c149afbf4c8996fb92427ae41e4649b934ca495991b7852b855
ERS5446178	NORW-F067A_CoronaHiT-ONT		ERZ1691035	ERR4969323	NORW-F067A 	Coronahit_rapid	FALSE		e3b0c44298fc1c149afbf4c8996fb92427ae41e4649b934ca495991b7852b855	b027e8486ff15a4f2048c260b875a7f64326ac22a3387fc9552b8087599674d4	e3b0c44298fc1c149afbf4c8996fb92427ae41e4649b934ca495991b7852b855
ERS5446178	NORW-F067A_CoronaHiT-Illumina		ERZ1691160	ERR4970054	NORW-F067A 	Coronahit_rapid	FALSE		e3b0c44298fc1c149afbf4c8996fb92427ae41e4649b934ca495991b7852b855	ff0638a400bd3f65b2c08545ffdeb62b2e417e7d793726bcf97dacc433907444	0ccd8cec90802276f02c5cda151cbe636742c1098192b74b0a841e188618315b
ERS5446183	NORW-F06C5_ARTIC_LoCost		ERZ1691100	ERR4969392	NORW-F06C5 	Coronahit_rapid	FALSE		e3b0c44298fc1c149afbf4c8996fb92427ae41e4649b934ca495991b7852b855	2b204067bcb1bc21e2a302acc3b456fc27ac40a479478e96ad312840550a35a5	e3b0c44298fc1c149afbf4c8996fb92427ae41e4649b934ca495991b7852b855
ERS5446183	NORW-F06C5_CoronaHiT-ONT		ERZ1691053	ERR4969341	NORW-F06C5 	Coronahit_rapid	FALSE		e3b0c44298fc1c149afbf4c8996fb92427ae41e4649b934ca495991b7852b855	739b8e8ef64a0ba1dcb25117da1665db4b9fd238538e7d824c5c09305c0d8673	e3b0c44298fc1c149afbf4c8996fb92427ae41e4649b934ca495991b7852b855
ERS5446183	NORW-F06C5_CoronaHiT-Illumina		ERZ1691143	ERR4970003	NORW-F06C5 	Coronahit_rapid	FALSE		e3b0c44298fc1c149afbf4c8996fb92427ae41e4649b934ca495991b7852b855	88ee29a55d244b6e97bb33bc0a0913fe82be2afa459cf049d87db6fe0351b5b3	39c7d87a40a4a5f33e1dc70d6223b8ae918a965ce072440f2b2f04bc9128d19e
ERS5446190	NORW-F06E3_ARTIC_LoCost		ERZ1691103	ERR4969395	NORW-F06E3 	Coronahit_rapid	FALSE		e3b0c44298fc1c149afbf4c8996fb92427ae41e4649b934ca495991b7852b855	58ec8375c2a98783dbec7764d2575b3d97b2c573ba80876747a32dc960c1772c	e3b0c44298fc1c149afbf4c8996fb92427ae41e4649b934ca495991b7852b855
ERS5446190	NORW-F06E3_CoronaHiT-ONT		ERZ1691058	ERR4969346	NORW-F06E3 	Coronahit_rapid	FALSE		e3b0c44298fc1c149afbf4c8996fb92427ae41e4649b934ca495991b7852b855	bdf476e5c6e268a60c48e9ca68d40931e70df1d1dae1f08d5b06ce9a8a105710	e3b0c44298fc1c149afbf4c8996fb92427ae41e4649b934ca495991b7852b855
ERS5446190	NORW-F06E3_CoronaHiT-Illumina		ERZ1691163	ERR4970057	NORW-F06E3 	Coronahit_rapid	FALSE		e3b0c44298fc1c149afbf4c8996fb92427ae41e4649b934ca495991b7852b855	77bbda0ed1afe83f744890070306eb36803741f3615a021e61b794efaab7d572	065da7dfa09608fd3518c57ecebdcf6903d39430a15f8638dc1b4d1783c564f1
ERS5446189	NORW-F072C_ARTIC_LoCost		ERZ1691091	ERR4969383	NORW-F072C 	Coronahit_rapid	FALSE		e3b0c44298fc1c149afbf4c8996fb92427ae41e4649b934ca495991b7852b855	0a1b69e7d6977ae97bf1c276a1bec3dff7abaf753ddedf1dc84625eeb1ea0a3a	e3b0c44298fc1c149afbf4c8996fb92427ae41e4649b934ca495991b7852b855
ERS5446189	NORW-F072C_CoronaHiT-ONT		ERZ1691057	ERR4969345	NORW-F072C 	Coronahit_rapid	FALSE		e3b0c44298fc1c149afbf4c8996fb92427ae41e4649b934ca495991b7852b855	dcfc45e728b14892d8de9b9f643404ddd4db469e31a00e2959cecb756aa5f099	e3b0c44298fc1c149afbf4c8996fb92427ae41e4649b934ca495991b7852b855
ERS5446189	NORW-F072C_CoronaHiT-Illumina		ERZ1691165	ERR4970059	NORW-F072C 	Coronahit_rapid	FALSE		e3b0c44298fc1c149afbf4c8996fb92427ae41e4649b934ca495991b7852b855	00f95acb922f69c5ee9a29c930438eba3a92ff4a873467569945d90fabe36ace	02b0df7b2fbe8ac996c7053588baaeaeacc1d017dbaef0ec5f458e04837e4307
ERS5446174	NORW-F0759_ARTIC_LoCost		ERZ1691112	ERR4969428	NORW-F0759 	Coronahit_rapid	FALSE		e3b0c44298fc1c149afbf4c8996fb92427ae41e4649b934ca495991b7852b855	8811e8be167021046e30c6dd4afaf3ed7aa866ca69ec7978c77522c3f7d3d0c0	e3b0c44298fc1c149afbf4c8996fb92427ae41e4649b934ca495991b7852b855
ERS5446174	NORW-F0759_CoronaHiT-ONT		ERZ1691049	ERR4969337	NORW-F0759 	Coronahit_rapid	FALSE		e3b0c44298fc1c149afbf4c8996fb92427ae41e4649b934ca495991b7852b855	40f8dbcceedb22f21100ea8358e6521d5e9ad66eb977567b86ab181dfc75d354	e3b0c44298fc1c149afbf4c8996fb92427ae41e4649b934ca495991b7852b855
ERS5446174	NORW-F0759_CoronaHiT-Illumina		ERZ1691150	ERR4970044	NORW-F0759 	Coronahit_rapid	FALSE		e3b0c44298fc1c149afbf4c8996fb92427ae41e4649b934ca495991b7852b855	9beb9578f5fda2a538490b6caa154cd03463ba0632158a20c70dca0b0a07c851	eb7f7ee66fe30ce8fbf3f351af10b4c7afd3ea00a8ddee47d464451bd9e0725b
ERS5446168	NORW-F07FF_ARTIC_LoCost		ERZ1691110	ERR4969426	NORW-F07FF 	Coronahit_rapid	FALSE		e3b0c44298fc1c149afbf4c8996fb92427ae41e4649b934ca495991b7852b855	daeec68c6598164ce94cb9ab51b38b0b9ecca2175a57be8c2ca7b8001a99f3b6	e3b0c44298fc1c149afbf4c8996fb92427ae41e4649b934ca495991b7852b855
ERS5446168	NORW-F07FF_CoronaHiT-ONT		ERZ1691026	ERR4969314	NORW-F07FF 	Coronahit_rapid	FALSE		e3b0c44298fc1c149afbf4c8996fb92427ae41e4649b934ca495991b7852b855	ac492d91e1a0c758b6a3b7aa931f9cb5757f8de841fbeeb7f76b7273dc971c7c	e3b0c44298fc1c149afbf4c8996fb92427ae41e4649b934ca495991b7852b855
ERS5446168	NORW-F07FF_CoronaHiT-Illumina		ERZ1691156	ERR4970050	NORW-F07FF 	Coronahit_rapid	FALSE		e3b0c44298fc1c149afbf4c8996fb92427ae41e4649b934ca495991b7852b855	45263f9e0a34fb4244311cb52da2b050ea3801b50f4fa98f3f88f2614a30ae86	85fe894835da2ccaf2447d6f6309100f8d86ab2573b360202f0a7326816f96ba
ERS5446184	NORW-F08DE_ARTIC_LoCost		ERZ1691108	ERR4969400	NORW-F08DE 	Coronahit_rapid	FALSE		e3b0c44298fc1c149afbf4c8996fb92427ae41e4649b934ca495991b7852b855	b30ddad4bb8b670b95e454bac2e14e8c86caac5406c489c9c6f4973575771b0d	e3b0c44298fc1c149afbf4c8996fb92427ae41e4649b934ca495991b7852b855
ERS5446184	NORW-F08DE_CoronaHiT-ONT		ERZ1691032	ERR4969320	NORW-F08DE 	Coronahit_rapid	FALSE		e3b0c44298fc1c149afbf4c8996fb92427ae41e4649b934ca495991b7852b855	fa246f3038b58aef501ac0b4dae9594b14a9d68ac5d6a11cbe112a2b29070260	e3b0c44298fc1c149afbf4c8996fb92427ae41e4649b934ca495991b7852b855
ERS5446184	NORW-F08DE_CoronaHiT-Illumina		ERZ1691158	ERR4970052	NORW-F08DE 	Coronahit_rapid	FALSE		e3b0c44298fc1c149afbf4c8996fb92427ae41e4649b934ca495991b7852b855	eea60e6f66c9aec7097cf4b4ebc36e88efc3e5066ae6801779494d109ea32391	9dc3d15f495be36c6095b7a3dcc65531a2082b56b019e3043d2f4c20ff809b68
ERS5446152	NORW-F0917_ARTIC_LoCost		ERZ1691115	ERR4969431	NORW-F0917 	Coronahit_rapid	FALSE		e3b0c44298fc1c149afbf4c8996fb92427ae41e4649b934ca495991b7852b855	5ebf8065164b763af3711aff82ccd3903a206cdac47ebdfd680e5c8cc841b04e	e3b0c44298fc1c149afbf4c8996fb92427ae41e4649b934ca495991b7852b855
ERS5446152	NORW-F0917_CoronaHiT-ONT		ERZ1691031	ERR4969319	NORW-F0917 	Coronahit_rapid	FALSE		e3b0c44298fc1c149afbf4c8996fb92427ae41e4649b934ca495991b7852b855	d18910adf62d6d6be4399102b68cd384c691a03d7f99288cc6e2626e174402f7	e3b0c44298fc1c149afbf4c8996fb92427ae41e4649b934ca495991b7852b855
ERS5446152	NORW-F0917_CoronaHiT-Illumina		ERZ1691145	ERR4970005	NORW-F0917 	Coronahit_rapid	FALSE		e3b0c44298fc1c149afbf4c8996fb92427ae41e4649b934ca495991b7852b855	77864a1ce53ec118d90791561265d40086a664a2d5d7a319a386aa891da01f3d	57a930981a2442eaab92e8e3a2c2141921a9848a11c56ee703eed0136400eed5
ERS5446181	NORW-F0962_ARTIC_LoCost		ERZ1691122	ERR4969438	NORW-F0962 	Coronahit_rapid	FALSE		e3b0c44298fc1c149afbf4c8996fb92427ae41e4649b934ca495991b7852b855	60205c56573f72bad980e10c024fc47073dd7ba823c31f64669b8c479db3a734	e3b0c44298fc1c149afbf4c8996fb92427ae41e4649b934ca495991b7852b855
ERS5446181	NORW-F0962_CoronaHiT-ONT		ERZ1691030	ERR4969318	NORW-F0962 	Coronahit_rapid	FALSE		e3b0c44298fc1c149afbf4c8996fb92427ae41e4649b934ca495991b7852b855	af4089e837e5e74129cd679942081b3df8dc8a8f8d38fbb84badfbbe8145bac6	e3b0c44298fc1c149afbf4c8996fb92427ae41e4649b934ca495991b7852b855
ERS5446181	NORW-F0962_CoronaHiT-Illumina		ERZ1691140	ERR4970000	NORW-F0962 	Coronahit_rapid	FALSE		e3b0c44298fc1c149afbf4c8996fb92427ae41e4649b934ca495991b7852b855	978842e6fa36f26fd7a784ced2f3d0e9da58f9df69d7483b06e40e96428a3760	595de0b1dad39922827b46cf8daa294a7eb9bc5b9965dd925cdd9182a805b4e7
ERS5446151	NORW-F099F_ARTIC_LoCost		ERZ1691106	ERR4969398	NORW-F099F 	Coronahit_rapid	FALSE		e3b0c44298fc1c149afbf4c8996fb92427ae41e4649b934ca495991b7852b855	6c111fd4845e0f89de767382598304a12eddc32d4f4bce199db44cd68ed154a3	e3b0c44298fc1c149afbf4c8996fb92427ae41e4649b934ca495991b7852b855
ERS5446151	NORW-F099F_CoronaHiT-ONT		ERZ1691060	ERR4969348	NORW-F099F 	Coronahit_rapid	FALSE		e3b0c44298fc1c149afbf4c8996fb92427ae41e4649b934ca495991b7852b855	4f94472fc7c5f0b8c82bc4576d7f77b79956d755d8c774abc49b3b1b31ee1b6f	e3b0c44298fc1c149afbf4c8996fb92427ae41e4649b934ca495991b7852b855
ERS5446151	NORW-F099F_CoronaHiT-Illumina		ERZ1691136	ERR4969996	NORW-F099F 	Coronahit_rapid	FALSE		e3b0c44298fc1c149afbf4c8996fb92427ae41e4649b934ca495991b7852b855	9125fd3da624f39f961766dbd156c2d333dc5fb2bd71da07bd3dca026192cd36	e251826ad30fbefea00a71fd532e319dd8875ae56f1d02896f91024d7894e664
ERS5446156	NORW-F09DB_ARTIC_LoCost		ERZ1691099	ERR4969391	NORW-F09DB 	Coronahit_rapid	FALSE		e3b0c44298fc1c149afbf4c8996fb92427ae41e4649b934ca495991b7852b855	f5fd96919e4adff97c4b3393d3189a6e2fbd8a2a738cce0a27c83ea67dd9f149	e3b0c44298fc1c149afbf4c8996fb92427ae41e4649b934ca495991b7852b855
ERS5446156	NORW-F09DB_CoronaHiT-ONT		ERZ1691061	ERR4969349	NORW-F09DB 	Coronahit_rapid	FALSE		e3b0c44298fc1c149afbf4c8996fb92427ae41e4649b934ca495991b7852b855	fa279080509695a13bf449fa9d7dc9f8d6c13559b425ffec7a9b294213df86dc	e3b0c44298fc1c149afbf4c8996fb92427ae41e4649b934ca495991b7852b855
ERS5446156	NORW-F09DB_CoronaHiT-Illumina		ERZ1691007	ERR4969199	NORW-F09DB 	Coronahit_rapid	FALSE		e3b0c44298fc1c149afbf4c8996fb92427ae41e4649b934ca495991b7852b855	b5c9c7c78fdf7d4dd6d1f9d95c93bbda70bbdc382206e5ffa08cdee50b93bf9f	bf8959a856f7110c2f82d9669880a5a59beb5c706036046dbca9970d6dc395f9
ERS5446188	NORW-F09F9_ARTIC_LoCost		ERZ1691119	ERR4969435	NORW-F09F9 	Coronahit_rapid	FALSE		e3b0c44298fc1c149afbf4c8996fb92427ae41e4649b934ca495991b7852b855	3564b25a086a4575a1ac8bc74440d288dd4915150d166bc2ca8ecdbeadb17764	e3b0c44298fc1c149afbf4c8996fb92427ae41e4649b934ca495991b7852b855
ERS5446188	NORW-F09F9_CoronaHiT-ONT		ERZ1691028	ERR4969316	NORW-F09F9 	Coronahit_rapid	FALSE		e3b0c44298fc1c149afbf4c8996fb92427ae41e4649b934ca495991b7852b855	fa1243033871195457755c7ea5d5f30e40221a468fb2bd92ed569c890c4201b1	e3b0c44298fc1c149afbf4c8996fb92427ae41e4649b934ca495991b7852b855
ERS5446188	NORW-F09F9_CoronaHiT-Illumina		ERZ1691151	ERR4970045	NORW-F09F9 	Coronahit_rapid	FALSE		e3b0c44298fc1c149afbf4c8996fb92427ae41e4649b934ca495991b7852b855	4ed0f0231b767ac73eb9435c5e48abf5ded4725520fa80accb31265f78b21c27	9e0e083b1c87dfc2e70f866cdd188a6578b8b6a81866e9df2da94e87bba1cc5b
ERS5446171	NORW-F0A23_ARTIC_LoCost		ERZ1691114	ERR4969430	NORW-F0A23 	Coronahit_rapid	FALSE		e3b0c44298fc1c149afbf4c8996fb92427ae41e4649b934ca495991b7852b855	71a3d92b79c3387f0c72abb0b557bf3f76e9c7cc56f10cf812eed0bc17161148	e3b0c44298fc1c149afbf4c8996fb92427ae41e4649b934ca495991b7852b855
ERS5446171	NORW-F0A23_CoronaHiT-ONT		ERZ1691044	ERR4969332	NORW-F0A23 	Coronahit_rapid	FALSE		e3b0c44298fc1c149afbf4c8996fb92427ae41e4649b934ca495991b7852b855	557cd8fed114151299538180f1bdccc59da98a9e02787c6e0e4c04453c1fcbbc	e3b0c44298fc1c149afbf4c8996fb92427ae41e4649b934ca495991b7852b855
ERS5446171	NORW-F0A23_CoronaHiT-Illumina		ERZ1691154	ERR4970048	NORW-F0A23 	Coronahit_rapid	FALSE		e3b0c44298fc1c149afbf4c8996fb92427ae41e4649b934ca495991b7852b855	0a7ea5d54b78c0f2169d22f72e53792f4e86eced179d302f0554088ce0a91050	077969058ee82eb1956b9478379427fee37fd1b53af447c74871d02f3866a939
ERS5446194	NORW-F0A32_ARTIC_LoCost		ERZ1691092	ERR4969384	NORW-F0A32 	Coronahit_rapid	FALSE		e3b0c44298fc1c149afbf4c8996fb92427ae41e4649b934ca495991b7852b855	6edc7a75e97fc62d9ccf68959c0bee6b698a70000af126bccc21ebebcc1a4d13	e3b0c44298fc1c149afbf4c8996fb92427ae41e4649b934ca495991b7852b855
ERS5446194	NORW-F0A32_CoronaHiT-ONT		ERZ1691054	ERR4969342	NORW-F0A32 	Coronahit_rapid	FALSE		e3b0c44298fc1c149afbf4c8996fb92427ae41e4649b934ca495991b7852b855	853423f198e6e3577f167adcfd1045989babe01cb625bf6cbe1d0092527496ae	e3b0c44298fc1c149afbf4c8996fb92427ae41e4649b934ca495991b7852b855
ERS5446194	NORW-F0A32_CoronaHiT-Illumina		ERZ1691168	ERR4970062	NORW-F0A32 	Coronahit_rapid	FALSE		e3b0c44298fc1c149afbf4c8996fb92427ae41e4649b934ca495991b7852b855	0e259ad188e82d1754a9be4affe1e8a00e32162a685db715ba7dacf4fc695252	878e3d7246ea6be354031f20c3ff27e535622526c1f88af08156941537621c6e
ERS5446160	NORW-F0A41_ARTIC_LoCost		ERZ1691121	ERR4969437	NORW-F0A41 	Coronahit_rapid	FALSE		e3b0c44298fc1c149afbf4c8996fb92427ae41e4649b934ca495991b7852b855	ae9d4f133079722ba3a0dbf9ad2c9ce281f6e59f56568610d3f6c2191ce6a0ee	e3b0c44298fc1c149afbf4c8996fb92427ae41e4649b934ca495991b7852b855
ERS5446160	NORW-F0A41_CoronaHiT-ONT		ERZ1691064	ERR4969352	NORW-F0A41 	Coronahit_rapid	FALSE		e3b0c44298fc1c149afbf4c8996fb92427ae41e4649b934ca495991b7852b855	34b24950879b3de418aef2dfd8c69f12d5121399e5ff7a0da3267d4442dbfb8c	e3b0c44298fc1c149afbf4c8996fb92427ae41e4649b934ca495991b7852b855
ERS5446160	NORW-F0A41_CoronaHiT-Illumina		ERZ1691011	ERR4969203	NORW-F0A41 	Coronahit_rapid	FALSE		e3b0c44298fc1c149afbf4c8996fb92427ae41e4649b934ca495991b7852b855	034686d5d80303ca088c321a6bcbcc92557270965c7e323e1fc07705ce22a791	61d93134796ff844f8f7414220fc79d579057974b818b4126637816b5cff2c17
ERS5446172	NORW-F0A50_ARTIC_LoCost		ERZ1691111	ERR4969427	NORW-F0A50 	Coronahit_rapid	FALSE		e3b0c44298fc1c149afbf4c8996fb92427ae41e4649b934ca495991b7852b855	8f7c6c66cbc0af0493033280579927ec5d0765ae5006a05d75ba88ac2955d149	e3b0c44298fc1c149afbf4c8996fb92427ae41e4649b934ca495991b7852b855
ERS5446172	NORW-F0A50_CoronaHiT-ONT		ERZ1691025	ERR4969313	NORW-F0A50 	Coronahit_rapid	FALSE		e3b0c44298fc1c149afbf4c8996fb92427ae41e4649b934ca495991b7852b855	63acb819f5a4a36df405a3c973d1b55115dadcf34e908ef4288c4f79ba07819b	e3b0c44298fc1c149afbf4c8996fb92427ae41e4649b934ca495991b7852b855
ERS5446172	NORW-F0A50_CoronaHiT-Illumina		ERZ1691144	ERR4970004	NORW-F0A50 	Coronahit_rapid	FALSE		e3b0c44298fc1c149afbf4c8996fb92427ae41e4649b934ca495991b7852b855	7c213f5c8ae7fef386cdb310d14c49c5cdfced69e91584860214dbc8b4446147	3e259e5af463d440c4b9383f446d6874b2af9ee2ae66c1508a4556c478ba81ca
ERS5446177	NORW-F0A6F_ARTIC_LoCost		ERZ1691105	ERR4969397	NORW-F0A6F 	Coronahit_rapid	FALSE		e3b0c44298fc1c149afbf4c8996fb92427ae41e4649b934ca495991b7852b855	d6de6bcab10478a4ce6ea56f046d255b76c8533faa6e719d08ec6bc770f5d80d	e3b0c44298fc1c149afbf4c8996fb92427ae41e4649b934ca495991b7852b855
ERS5446177	NORW-F0A6F_CoronaHiT-ONT		ERZ1691065	ERR4969353	NORW-F0A6F 	Coronahit_rapid	FALSE		e3b0c44298fc1c149afbf4c8996fb92427ae41e4649b934ca495991b7852b855	707e8c53327701b8adf7d1dd4626caecb79282de55aa4b01d0618a6df359f2d0	e3b0c44298fc1c149afbf4c8996fb92427ae41e4649b934ca495991b7852b855
ERS5446177	NORW-F0A6F_CoronaHiT-Illumina		ERZ1691141	ERR4970001	NORW-F0A6F 	Coronahit_rapid	FALSE		e3b0c44298fc1c149afbf4c8996fb92427ae41e4649b934ca495991b7852b855	e3be4ced23667579cf3acaf24c001a48a95fd997d76f69594f14e9fff89a0d81	6b43118cb65f01b0fc45797803c65298c280574fbeed5ce970f54e36054b0fe0
